[Licensing::Module] Trying to connect to existing licensing client channel...
Built from '6000.2/respin/6000.2.8f1-e4064264ae96' branch; Version is '6000.2.8f1 (c9992ac36c34) revision 13211946'; Using compiler version '194234433'; Build Type 'Release'
[Licensing::IpcConnector] Successfully connected to: "LicenseClient-amirc" at "2026-01-02T10:44:50.7788939Z"
OS: 'Windows 10  (10.0.19045) 64bit Professional' Language: 'en' Physical Memory: 65412 MB
BatchMode: 1, IsHumanControllingUs: 0, StartBugReporterOnCrash: 0, Is64bit: 1
Date: 2026-01-02T10:44:50Z

COMMAND LINE ARGUMENTS:
C:\Program Files\Unity\Hub\Editor\6000.2.8f1\Editor\Unity.exe
-adb2
-batchMode
-noUpm
-name
AssetImportWorker0
-projectPath
C:/Users/amirc/Unity Projects/Tiltan VR Final Project
-logFile
Logs/AssetImportWorker0.log
-srvPort
52811
-licensingIpc
LicenseClient-amirc
-job-worker-count
5
-background-job-worker-count
8
-gc-helper-count
1
-name
AssetImport
Successfully changed project path to: C:/Users/amirc/Unity Projects/Tiltan VR Final Project
C:/Users/amirc/Unity Projects/Tiltan VR Final Project
[UnityMemory] Configuration Parameters - Can be set up in boot.config
    "memorysetup-allocator-temp-initial-block-size-main=262144"
    "memorysetup-allocator-temp-initial-block-size-worker=262144"
    "memorysetup-bucket-allocator-granularity=16"
    "memorysetup-bucket-allocator-bucket-count=8"
    "memorysetup-bucket-allocator-block-size=33554432"
    "memorysetup-bucket-allocator-block-count=8"
    "memorysetup-main-allocator-block-size=16777216"
    "memorysetup-thread-allocator-block-size=16777216"
    "memorysetup-gfx-main-allocator-block-size=16777216"
    "memorysetup-gfx-thread-allocator-block-size=16777216"
    "memorysetup-cache-allocator-block-size=4194304"
    "memorysetup-typetree-allocator-block-size=2097152"
    "memorysetup-profiler-bucket-allocator-granularity=16"
    "memorysetup-profiler-bucket-allocator-bucket-count=8"
    "memorysetup-profiler-bucket-allocator-block-size=33554432"
    "memorysetup-profiler-bucket-allocator-block-count=8"
    "memorysetup-profiler-allocator-block-size=16777216"
    "memorysetup-profiler-editor-allocator-block-size=1048576"
    "memorysetup-temp-allocator-size-main=16777216"
    "memorysetup-job-temp-allocator-block-size=2097152"
    "memorysetup-job-temp-allocator-block-size-background=1048576"
    "memorysetup-job-temp-allocator-reduction-small-platforms=262144"
    "memorysetup-temp-allocator-size-background-worker=32768"
    "memorysetup-temp-allocator-size-job-worker=262144"
    "memorysetup-temp-allocator-size-preload-manager=33554432"
    "memorysetup-temp-allocator-size-nav-mesh-worker=65536"
    "memorysetup-temp-allocator-size-audio-worker=65536"
    "memorysetup-temp-allocator-size-cloud-worker=32768"
    "memorysetup-temp-allocator-size-gi-baking-worker=262144"
    "memorysetup-temp-allocator-size-gi-baking-worker=262144"
    "memorysetup-temp-allocator-size-gi-baking-worker=262144"
    "memorysetup-temp-allocator-size-gi-baking-worker=262144"
    "memorysetup-temp-allocator-size-gi-baking-worker=262144"
    "memorysetup-temp-allocator-size-gfx=262144"
Player connection [14652]  Target information:

Player connection [14652]  * "[IP] 10.100.102.3 [Port] 0 [Flags] 2 [Guid] 3549283657 [EditorId] 3549283657 [Version] 1048832 [Id] WindowsEditor(7,Amir-PC) [Debug] 1 [PackageName] WindowsEditor [ProjectName] Editor" 

Player connection [14652] Host joined multi-casting on [225.0.0.222:54997]...
Player connection [14652] Host joined alternative multi-casting on [225.0.0.222:34997]...
JobSystem: Creating JobQueue using job-worker-count value 5
Input System module state changed to: Initialized.
[Physics::Module] Initialized fallback backend.
[Physics::Module] Id: 0xdecafbad
[Licensing::Client] Code 10 while verifying Licensing Client signature (process Id: 1960, path: "C:/Program Files/Unity Hub/UnityLicensingClient_V1/Unity.Licensing.Client.exe")
[Licensing::Module] LicensingClient has failed validation; ignoring
[Licensing::Client] Handshaking with LicensingClient:
  Version:                 1.17.4+4293ba1
  Session Id:              8c94abff97f544fbaf52d08c5bd644c4
  Correlation Id:          c77518959cf099fc371182026c6f26c8
  External correlation Id: 8210272141298093667
  Machine Id:              E4MOz2YClRDN4rKTf+U+6OWk7G0=
[Licensing::Module] Successfully connected to LicensingClient on channel: "LicenseClient-amirc" (connect: 0.00s, validation: 0.00s, handshake: 0.04s)
[Licensing::IpcConnector] Successfully connected to: "LicenseClient-amirc-notifications" at "2026-01-02T10:44:50.8245365Z"
[Licensing::Module] Licensing Background thread has ended after 0.05s
Library Redirect Path: Library/
[Physics::Module] Selected backend.
[Physics::Module] Name: PhysX
[Physics::Module] Id: 0xf2b8ea05
[Physics::Module] SDK Version: 4.1.2
[Physics::Module] Integration Version: 1.0.0
[Physics::Module] Threading Mode: Multi-Threaded
[Licensing::Client] Successfully resolved entitlement details
[Licensing::Module] License group:
  Id: 18966627952335-UnityPersXXXX
  Product: Unity Personal
  Type: Assigned
  Expiration: Unlimited
Refreshing native plugins compatible for Editor in 50.38 ms, found 14 plugins.
Preloading 1 native plugins for Editor in 0.74 ms.
Initialize engine version: 6000.2.8f1 (c9992ac36c34)
[Subsystems] Discovering subsystems at path C:/Program Files/Unity/Hub/Editor/6000.2.8f1/Editor/Data/Resources/UnitySubsystems
[Subsystems] Discovering subsystems at path C:/Users/amirc/Unity Projects/Tiltan VR Final Project/Assets
GfxDevice: creating device client; kGfxThreadingModeNonThreaded
Direct3D:
    Version:  Direct3D 11.0 [level 11.1]
    Renderer: NVIDIA GeForce RTX 4070 SUPER (ID=0x2783)
    Vendor:   NVIDIA
    VRAM:     11999 MB
    Driver:   32.0.15.8157
Initialize mono
Mono path[0] = 'C:/Program Files/Unity/Hub/Editor/6000.2.8f1/Editor/Data/Managed'
Mono path[1] = 'C:/Program Files/Unity/Hub/Editor/6000.2.8f1/Editor/Data/MonoBleedingEdge/lib/mono/unityjit-win32'
Mono config path = 'C:/Program Files/Unity/Hub/Editor/6000.2.8f1/Editor/Data/MonoBleedingEdge/etc'
Using monoOptions --debugger-agent=transport=dt_socket,embedding=1,server=y,suspend=n,address=127.0.0.1:56732
Begin MonoManager ReloadAssembly
Registering precompiled unity dll's ...
Register platform support module: C:/Program Files/Unity/Hub/Editor/6000.2.8f1/Editor/Data/PlaybackEngines/WindowsStandaloneSupport/UnityEditor.WindowsStandalone.Extensions.dll
Register platform support module: C:/Program Files/Unity/Hub/Editor/6000.2.8f1/Editor/Data/PlaybackEngines/AndroidPlayer/UnityEditor.Android.Extensions.dll
Registered in 0.006742 seconds.
- Loaded All Assemblies, in  0.565 seconds
Native extension for Android target not found
Android Extension - Scanning For ADB Devices 287 ms
Native extension for WindowsStandalone target not found
Mono: successfully reloaded assembly
- Finished resetting the current domain, in  0.777 seconds
Domain Reload Profiling: 1331ms
	BeginReloadAssembly (195ms)
		ExecutionOrderSort (0ms)
		DisableScriptedObjects (0ms)
		BackupInstance (0ms)
		ReleaseScriptingObjects (0ms)
		CreateAndSetChildDomain (1ms)
	RebuildCommonClasses (47ms)
	RebuildNativeTypeToScriptingClass (14ms)
	initialDomainReloadingComplete (78ms)
	LoadAllAssembliesAndSetupDomain (219ms)
		LoadAssemblies (184ms)
		RebuildTransferFunctionScriptingTraits (0ms)
		AnalyzeDomain (215ms)
			TypeCache.Refresh (213ms)
				TypeCache.ScanAssembly (196ms)
			BuildScriptInfoCaches (0ms)
			ResolveRequiredComponents (1ms)
	FinalizeReload (778ms)
		ReleaseScriptCaches (0ms)
		RebuildScriptCaches (0ms)
		SetupLoadedEditorAssemblies (720ms)
			LogAssemblyErrors (0ms)
			InitializePlatformSupportModulesInManaged (417ms)
			SetLoadedEditorAssemblies (7ms)
			BeforeProcessingInitializeOnLoad (83ms)
			ProcessInitializeOnLoadAttributes (146ms)
			ProcessInitializeOnLoadMethodAttributes (67ms)
			AfterProcessingInitializeOnLoad (0ms)
			EditorAssembliesLoaded (0ms)
		ExecutionOrderSort2 (0ms)
		AwakeInstancesAfterBackupRestoration (0ms)
========================================================================
Worker process is ready to serve import requests
Import Worker Mode flag is 0x00
Begin MonoManager ReloadAssembly
[Licensing::Client] Successfully resolved entitlement details
- Loaded All Assemblies, in  1.420 seconds
Refreshing native plugins compatible for Editor in 22.96 ms, found 14 plugins.
Native extension for Android target not found
Native extension for WindowsStandalone target not found
Package Manager log level set to [2]
[Package Manager] Failed to launch server process. Reason: Unity was launched with the -noUpm command-line argument
[Package Manager] Unable to send message (not connected to server process).
[Package Manager] Cannot connect to Unity Package Manager local server
[Package Manager] Failed to launch server process. Reason: Unity was launched with the -noUpm command-line argument
[Package Manager] Unable to send message (not connected to server process).
[Package Manager] Cannot connect to Unity Package Manager local server
Launched and connected shader compiler UnityShaderCompiler.exe after 0.01 seconds
System.Reflection.TargetInvocationException: Exception has been thrown by the target of an invocation. ---> System.NullReferenceException: Object reference not set to an instance of an object
  at Unity.XR.Oculus.OculusLoader.AssetPathToAbsolutePath (System.String assetPath) [0x00041] in .\Library\PackageCache\com.unity.xr.oculus@44578ba4bd45\Runtime\OculusLoader.cs:312 
  at Unity.XR.Oculus.OculusLoader.EditorLoadOVRPlugin () [0x000dd] in .\Library\PackageCache\com.unity.xr.oculus@44578ba4bd45\Runtime\OculusLoader.cs:297 
  at (wrapper managed-to-native) System.Reflection.RuntimeMethodInfo.InternalInvoke(System.Reflection.RuntimeMethodInfo,object,object[],System.Exception&)
  at System.Reflection.RuntimeMethodInfo.Invoke (System.Object obj, System.Reflection.BindingFlags invokeAttr, System.Reflection.Binder binder, System.Object[] parameters, System.Globalization.CultureInfo culture) [0x0006a] in <715c8f689fc74561a4fef078d73c94aa>:0 
   --- End of inner exception stack trace ---
  at System.Reflection.RuntimeMethodInfo.Invoke (System.Object obj, System.Reflection.BindingFlags invokeAttr, System.Reflection.Binder binder, System.Object[] parameters, System.Globalization.CultureInfo culture) [0x00083] in <715c8f689fc74561a4fef078d73c94aa>:0 
  at System.Reflection.MethodBase.Invoke (System.Object obj, System.Object[] parameters) [0x00000] in <715c8f689fc74561a4fef078d73c94aa>:0 
  at UnityEditor.EditorAssemblies.ProcessInitializeOnLoadMethodAttributes () [0x00087] in <f255d7ad41bf4adf8576cc6ca3827ea0>:0 
UnityEngine.Debug:ExtractStackTraceNoAlloc (byte*,int,string)
UnityEngine.StackTraceUtility:ExtractStackTrace ()
UnityEngine.DebugLogHandler:Internal_Log (UnityEngine.LogType,UnityEngine.LogOption,string,UnityEngine.Object)
UnityEngine.DebugLogHandler:LogFormat (UnityEngine.LogType,UnityEngine.Object,string,object[])
UnityEngine.Logger:Log (UnityEngine.LogType,object)
UnityEngine.Debug:LogError (object)
UnityEditor.EditorAssemblies:ProcessInitializeOnLoadMethodAttributes ()

Mono: successfully reloaded assembly
[Package Manager] Failed to launch server process. Reason: Unity was launched with the -noUpm command-line argument
[Package Manager] Unable to send message (not connected to server process).
[Package Manager] Cannot connect to Unity Package Manager local server
[Package Manager] Failed to launch server process. Reason: Unity was launched with the -noUpm command-line argument
[Package Manager] Unable to send message (not connected to server process).
[Package Manager] Cannot connect to Unity Package Manager local server
- Finished resetting the current domain, in  1.565 seconds
Domain Reload Profiling: 2961ms
	BeginReloadAssembly (267ms)
		ExecutionOrderSort (0ms)
		DisableScriptedObjects (10ms)
		BackupInstance (0ms)
		ReleaseScriptingObjects (0ms)
		CreateAndSetChildDomain (37ms)
	RebuildCommonClasses (46ms)
	RebuildNativeTypeToScriptingClass (17ms)
	initialDomainReloadingComplete (69ms)
	LoadAllAssembliesAndSetupDomain (996ms)
		LoadAssemblies (770ms)
		RebuildTransferFunctionScriptingTraits (0ms)
		AnalyzeDomain (384ms)
			TypeCache.Refresh (275ms)
				TypeCache.ScanAssembly (246ms)
			BuildScriptInfoCaches (84ms)
			ResolveRequiredComponents (19ms)
	FinalizeReload (1566ms)
		ReleaseScriptCaches (0ms)
		RebuildScriptCaches (0ms)
		SetupLoadedEditorAssemblies (1264ms)
			LogAssemblyErrors (0ms)
			InitializePlatformSupportModulesInManaged (12ms)
			SetLoadedEditorAssemblies (7ms)
			BeforeProcessingInitializeOnLoad (364ms)
			ProcessInitializeOnLoadAttributes (671ms)
			ProcessInitializeOnLoadMethodAttributes (187ms)
			AfterProcessingInitializeOnLoad (22ms)
			EditorAssembliesLoaded (1ms)
		ExecutionOrderSort2 (0ms)
		AwakeInstancesAfterBackupRestoration (8ms)
WARNING: Shader Unsupported: 'Hidden/Simulation/URP/Synthetic' - All subshaders removed
WARNING: Shader Did you use #pragma only_renderers and omit this platform?
WARNING: Shader If subshaders removal was intentional, you may have forgotten turning Fallback off?
WARNING: Shader Unsupported: 'Hidden/Simulation/URP/Synthetic' - All subshaders removed
WARNING: Shader Did you use #pragma only_renderers and omit this platform?
WARNING: Shader If subshaders removal was intentional, you may have forgotten turning Fallback off?
WARNING: Shader Unsupported: 'Hidden/Simulation/Synthetic Lit' - All subshaders removed
WARNING: Shader Did you use #pragma only_renderers and omit this platform?
WARNING: Shader If subshaders removal was intentional, you may have forgotten turning Fallback off?
WARNING: Shader Unsupported: 'Hidden/Simulation/Synthetic Lit' - All subshaders removed
WARNING: Shader Did you use #pragma only_renderers and omit this platform?
WARNING: Shader If subshaders removal was intentional, you may have forgotten turning Fallback off?
WARNING: Shader Unsupported: 'Simulation/Standard Lit' - All subshaders removed
WARNING: Shader Did you use #pragma only_renderers and omit this platform?
WARNING: Shader If subshaders removal was intentional, you may have forgotten turning Fallback off?
WARNING: Shader Unsupported: 'Simulation/Standard Lit' - All subshaders removed
WARNING: Shader Did you use #pragma only_renderers and omit this platform?
WARNING: Shader If subshaders removal was intentional, you may have forgotten turning Fallback off?
WARNING: Shader Unsupported: 'Simulation/URP/Room X-Ray' - All subshaders removed
WARNING: Shader Did you use #pragma only_renderers and omit this platform?
WARNING: Shader If subshaders removal was intentional, you may have forgotten turning Fallback off?
WARNING: Shader Unsupported: 'Simulation/URP/Room X-Ray' - All subshaders removed
WARNING: Shader Did you use #pragma only_renderers and omit this platform?
WARNING: Shader If subshaders removal was intentional, you may have forgotten turning Fallback off?
WARNING: Shader Unsupported: 'Simulation/Room X-Ray' - All subshaders removed
WARNING: Shader Did you use #pragma only_renderers and omit this platform?
WARNING: Shader If subshaders removal was intentional, you may have forgotten turning Fallback off?
WARNING: Shader Unsupported: 'Simulation/Room X-Ray' - All subshaders removed
WARNING: Shader Did you use #pragma only_renderers and omit this platform?
WARNING: Shader If subshaders removal was intentional, you may have forgotten turning Fallback off?
WARNING: Shader Unsupported: 'Simulation/URP/Lit' - All subshaders removed
WARNING: Shader Did you use #pragma only_renderers and omit this platform?
WARNING: Shader If subshaders removal was intentional, you may have forgotten turning Fallback off?
WARNING: Shader Unsupported: 'Simulation/URP/Lit' - All subshaders removed
WARNING: Shader Did you use #pragma only_renderers and omit this platform?
WARNING: Shader If subshaders removal was intentional, you may have forgotten turning Fallback off?
Refreshing native plugins compatible for Editor in 34.37 ms, found 14 plugins.
Preloading 1 native plugins for Editor in 0.18 ms.
Unloading 20 Unused Serialized files (Serialized files now loaded: 0)
Unloading 7769 unused Assets / (8.7 MB). Loaded Objects now: 8484.
Memory consumption went from 145.3 MB to 136.6 MB.
Total: 21.660500 ms (FindLiveObjects: 1.042000 ms CreateObjectMapping: 3.894400 ms MarkObjects: 8.861300 ms  DeleteObjects: 7.860400 ms)

========================================================================
Received Import Request.
  Time since last request: 10360.464159 seconds.
  path: Assets/RPGPP_LT/Scene/rpgpp_lt_scene_1.0.unity
  artifactKey: Guid(d2809ab9b90eea7419d8d90d4c505d35) Importer(815301076,1909f56bfc062723c751e8b465ee728b)
Start importing Assets/RPGPP_LT/Scene/rpgpp_lt_scene_1.0.unity using Guid(d2809ab9b90eea7419d8d90d4c505d35) Importer(815301076,1909f56bfc062723c751e8b465ee728b) (PreviewImporter) -> (artifact id: '5558802fe963b8eadcf81d739c3ec220') in 0.006587 seconds
Number of updated asset objects reloaded before import = 0Number of asset objects unloaded after import = 0

========================================================================
Received Import Request.
  Time since last request: 0.000026 seconds.
  path: Assets/InputSystem_Actions.inputactions
  artifactKey: Guid(052faaac586de48259a63d0c4782560b) Importer(815301076,1909f56bfc062723c751e8b465ee728b)
Start importing Assets/InputSystem_Actions.inputactions using Guid(052faaac586de48259a63d0c4782560b) Importer(815301076,1909f56bfc062723c751e8b465ee728b) (PreviewImporter) -> (artifact id: '7dc86266732579bb53e0e2185817a08e') in 0.0307433 seconds
Number of updated asset objects reloaded before import = 0Number of asset objects unloaded after import = 20

========================================================================
Received Import Request.
  Time since last request: 34.857399 seconds.
  path: Assets/Scenes/Main VR Scene.unity
  artifactKey: Guid(99c9720ab356a0642a771bea13969a05) Importer(2089858483,192608db42251d675da83286b1cce702)
Start importing Assets/Scenes/Main VR Scene.unity using Guid(99c9720ab356a0642a771bea13969a05) Importer(2089858483,192608db42251d675da83286b1cce702) (ScriptedImporter) -> (artifact id: '700b0f5350f3f150669123f11c39dca5') in 0.2802141 seconds
Number of updated asset objects reloaded before import = 0Number of asset objects unloaded after import = 1

========================================================================
Received Import Request.
  Time since last request: 0.000018 seconds.
  path: Assets/Samples/XR Interaction Toolkit/3.2.2/Starter Assets/StarterAssets.asmdef
  artifactKey: Guid(8f07e33567e0ee542b40769c456c6b53) Importer(2089858483,192608db42251d675da83286b1cce702)
Start importing Assets/Samples/XR Interaction Toolkit/3.2.2/Starter Assets/StarterAssets.asmdef using Guid(8f07e33567e0ee542b40769c456c6b53) Importer(2089858483,192608db42251d675da83286b1cce702) (ScriptedImporter) -> (artifact id: '8f8c75b453c101ba0b0e890e3ca6da12') in 0.0182163 seconds
Number of updated asset objects reloaded before import = 0Number of asset objects unloaded after import = 1

========================================================================
Received Import Request.
  Time since last request: 0.000031 seconds.
  path: Assets/Samples/XR Interaction Toolkit/3.2.2/Starter Assets/Scripts/MaterialPipelineHandler.cs
  artifactKey: Guid(e7883133e628dff4a86f50c082f77055) Importer(2089858483,192608db42251d675da83286b1cce702)
Start importing Assets/Samples/XR Interaction Toolkit/3.2.2/Starter Assets/Scripts/MaterialPipelineHandler.cs using Guid(e7883133e628dff4a86f50c082f77055) Importer(2089858483,192608db42251d675da83286b1cce702) (ScriptedImporter) -> (artifact id: '23aaee65170fed596bd8c882f437df65') in 0.0662299 seconds
Number of updated asset objects reloaded before import = 0Number of asset objects unloaded after import = 0

========================================================================
Received Import Request.
  Time since last request: 0.000018 seconds.
  path: Assets/Samples/XR Interaction Toolkit/3.2.2/Starter Assets/Shaders
  artifactKey: Guid(388cb625f9bdf7444b7b2df5b64a84c6) Importer(2089858483,192608db42251d675da83286b1cce702)
Start importing Assets/Samples/XR Interaction Toolkit/3.2.2/Starter Assets/Shaders using Guid(388cb625f9bdf7444b7b2df5b64a84c6) Importer(2089858483,192608db42251d675da83286b1cce702) (ScriptedImporter) -> (artifact id: '071564c8266ee0e7eb30bfb8928f3ddf') in 0.0215627 seconds
Number of updated asset objects reloaded before import = 0Number of asset objects unloaded after import = 1

========================================================================
Received Import Request.
  Time since last request: 0.000016 seconds.
  path: Assets/XR/Resources/XRSimulationRuntimeSettings.asset
  artifactKey: Guid(2d1a2a66d9f5f6c4e86e5dd8bf52d298) Importer(2089858483,192608db42251d675da83286b1cce702)
Start importing Assets/XR/Resources/XRSimulationRuntimeSettings.asset using Guid(2d1a2a66d9f5f6c4e86e5dd8bf52d298) Importer(2089858483,192608db42251d675da83286b1cce702) (ScriptedImporter) -> (artifact id: 'e9acd3f3f7cdce93d9dfc1e93b3887ec') in 0.0581988 seconds
Number of updated asset objects reloaded before import = 0Number of asset objects unloaded after import = 1

========================================================================
Received Import Request.
  Time since last request: 0.000026 seconds.
  path: Assets/Samples/XR Interaction Toolkit/3.2.2/Starter Assets/DemoSceneAssets/Prefabs/Interactables/Cylinder.prefab
  artifactKey: Guid(2ed984a58a974166bf92c82a74380454) Importer(2089858483,192608db42251d675da83286b1cce702)
Start importing Assets/Samples/XR Interaction Toolkit/3.2.2/Starter Assets/DemoSceneAssets/Prefabs/Interactables/Cylinder.prefab using Guid(2ed984a58a974166bf92c82a74380454) Importer(2089858483,192608db42251d675da83286b1cce702) (ScriptedImporter) -> (artifact id: '801e7b3af76c231c2182a459be04a879') in 0.1227229 seconds
Number of updated asset objects reloaded before import = 0Number of asset objects unloaded after import = 25

========================================================================
Received Import Request.
  Time since last request: 0.000016 seconds.
  path: Assets/Settings/PC_RPAsset.asset
  artifactKey: Guid(4b83569d67af61e458304325a23e5dfd) Importer(2089858483,192608db42251d675da83286b1cce702)
Start importing Assets/Settings/PC_RPAsset.asset using Guid(4b83569d67af61e458304325a23e5dfd) Importer(2089858483,192608db42251d675da83286b1cce702) (ScriptedImporter) -> (artifact id: 'a4da2cfc431e0cc949597619231bb54c') in 0.0937929 seconds
Number of updated asset objects reloaded before import = 0Number of asset objects unloaded after import = 1

========================================================================
Received Import Request.
  Time since last request: 0.000021 seconds.
  path: Assets/Samples/XR Interaction Toolkit/3.2.2/Starter Assets/TunnelingVignette/TunnelingVignette.mat
  artifactKey: Guid(0a35b7e20f75a8540a2c14b9555078cb) Importer(2089858483,192608db42251d675da83286b1cce702)
Start importing Assets/Samples/XR Interaction Toolkit/3.2.2/Starter Assets/TunnelingVignette/TunnelingVignette.mat using Guid(0a35b7e20f75a8540a2c14b9555078cb) Importer(2089858483,192608db42251d675da83286b1cce702) (ScriptedImporter) -> (artifact id: '9d8d3f415237d3d5927c6939a03e31fa') in 0.0255908 seconds
Number of updated asset objects reloaded before import = 0Number of asset objects unloaded after import = 1

========================================================================
Received Import Request.
  Time since last request: 0.000022 seconds.
  path: Assets/Samples/XR Interaction Toolkit/3.2.2/Starter Assets/Presets/XRI Default Snap Turn.preset
  artifactKey: Guid(5d3a60dbf2f04694f9060712df89debb) Importer(2089858483,192608db42251d675da83286b1cce702)
Start importing Assets/Samples/XR Interaction Toolkit/3.2.2/Starter Assets/Presets/XRI Default Snap Turn.preset using Guid(5d3a60dbf2f04694f9060712df89debb) Importer(2089858483,192608db42251d675da83286b1cce702) (ScriptedImporter) -> (artifact id: 'efbadd3fa6d713ea6505d1c792366d2b') in 0.0395617 seconds
Number of updated asset objects reloaded before import = 0Number of asset objects unloaded after import = 4

========================================================================
Received Import Request.
  Time since last request: 0.000022 seconds.
  path: Assets/Samples/XR Interaction Toolkit/3.2.2/Starter Assets/Prefabs/Teleport/Blocking Teleport Reticle.prefab
  artifactKey: Guid(a3fde713df4d99042a0403c4be9eea32) Importer(2089858483,192608db42251d675da83286b1cce702)
Start importing Assets/Samples/XR Interaction Toolkit/3.2.2/Starter Assets/Prefabs/Teleport/Blocking Teleport Reticle.prefab using Guid(a3fde713df4d99042a0403c4be9eea32) Importer(2089858483,192608db42251d675da83286b1cce702) (ScriptedImporter) -> (artifact id: 'd745c5c095466a380a42b82594ea63e5') in 0.0217575 seconds
Number of updated asset objects reloaded before import = 0Number of asset objects unloaded after import = 17

========================================================================
Received Import Request.
  Time since last request: 0.000019 seconds.
  path: Assets/Samples/XR Interaction Toolkit/3.2.2/Starter Assets/TunnelingVignette
  artifactKey: Guid(14305397b55fd2148ab7fcbdcbb60a50) Importer(2089858483,192608db42251d675da83286b1cce702)
Start importing Assets/Samples/XR Interaction Toolkit/3.2.2/Starter Assets/TunnelingVignette using Guid(14305397b55fd2148ab7fcbdcbb60a50) Importer(2089858483,192608db42251d675da83286b1cce702) (ScriptedImporter) -> (artifact id: 'd33067bcc5c991b79ab5469810a8dd17') in 0.0173044 seconds
Number of updated asset objects reloaded before import = 0Number of asset objects unloaded after import = 1

========================================================================
Received Import Request.
  Time since last request: 0.000025 seconds.
  path: Assets/RPGPP_LT/Scene/rpgpp_lt_scene_1.0/ReflectionProbe-0.exr
  artifactKey: Guid(050172861be357f4cb845f57de84c36a) Importer(815301076,1909f56bfc062723c751e8b465ee728b)
Start importing Assets/RPGPP_LT/Scene/rpgpp_lt_scene_1.0/ReflectionProbe-0.exr using Guid(050172861be357f4cb845f57de84c36a) Importer(815301076,1909f56bfc062723c751e8b465ee728b) (PreviewImporter) -> (artifact id: '712c1671fa19b641c2cf055874ffc75e') in 0.6465079 seconds
Number of updated asset objects reloaded before import = 0Number of asset objects unloaded after import = 1

========================================================================
Received Import Request.
  Time since last request: 0.000034 seconds.
  path: Assets/Samples/XR Interaction Toolkit/3.2.2/Starter Assets/DemoSceneAssets/Scripts
  artifactKey: Guid(89c7da9a19d09c8419df6ac7f38d429e) Importer(2089858483,192608db42251d675da83286b1cce702)
Start importing Assets/Samples/XR Interaction Toolkit/3.2.2/Starter Assets/DemoSceneAssets/Scripts using Guid(89c7da9a19d09c8419df6ac7f38d429e) Importer(2089858483,192608db42251d675da83286b1cce702) (ScriptedImporter) -> (artifact id: '11170bbd6affee7e4ed6ccf64111de62') in 0.0206945 seconds
Number of updated asset objects reloaded before import = 0Number of asset objects unloaded after import = 1

========================================================================
Received Import Request.
  Time since last request: 0.000031 seconds.
  path: Assets/Samples/XR Hands/1.7.2/HandVisualizer/Materials/Green.mat
  artifactKey: Guid(727f87098255ad04987a60f5f08390bc) Importer(2089858483,192608db42251d675da83286b1cce702)
Start importing Assets/Samples/XR Hands/1.7.2/HandVisualizer/Materials/Green.mat using Guid(727f87098255ad04987a60f5f08390bc) Importer(2089858483,192608db42251d675da83286b1cce702) (ScriptedImporter) -> (artifact id: '61a02fc27b330cff7d289f2e00f13b55') in 0.023203 seconds
Number of updated asset objects reloaded before import = 0Number of asset objects unloaded after import = 1

========================================================================
Received Import Request.
  Time since last request: 0.000020 seconds.
  path: Assets/Samples/XR Interaction Toolkit/3.2.2/Starter Assets/Prefabs/Affordances/HighlightInteractionAffordance.prefab
  artifactKey: Guid(6b12f432fa58c224baf0d659706362be) Importer(2089858483,192608db42251d675da83286b1cce702)
Start importing Assets/Samples/XR Interaction Toolkit/3.2.2/Starter Assets/Prefabs/Affordances/HighlightInteractionAffordance.prefab using Guid(6b12f432fa58c224baf0d659706362be) Importer(2089858483,192608db42251d675da83286b1cce702) (ScriptedImporter) -> (artifact id: '56e58a65ba025b388a6060a287781e23') in 0.0424953 seconds
Number of updated asset objects reloaded before import = 0Number of asset objects unloaded after import = 12

========================================================================
Received Import Request.
  Time since last request: 0.000058 seconds.
  path: Assets/XR/UserSimulationSettings/Resources
  artifactKey: Guid(61914b9df167b8b4d8063fe6c08dc796) Importer(2089858483,192608db42251d675da83286b1cce702)
Start importing Assets/XR/UserSimulationSettings/Resources using Guid(61914b9df167b8b4d8063fe6c08dc796) Importer(2089858483,192608db42251d675da83286b1cce702) (ScriptedImporter) -> (artifact id: '465ec64e594943b77db878caa9ae326a') in 0.0151657 seconds
Number of updated asset objects reloaded before import = 0Number of asset objects unloaded after import = 1

========================================================================
Received Import Request.
  Time since last request: 0.000030 seconds.
  path: Assets/Outsourced Assets/Gun Model/Default.anim
  artifactKey: Guid(b1d2366b279e44c409613d72f8c0aecd) Importer(2089858483,192608db42251d675da83286b1cce702)
Start importing Assets/Outsourced Assets/Gun Model/Default.anim using Guid(b1d2366b279e44c409613d72f8c0aecd) Importer(2089858483,192608db42251d675da83286b1cce702) (ScriptedImporter) -> (artifact id: 'b8a85366bfd95e879abeb83248f5431f') in 0.0408246 seconds
Number of updated asset objects reloaded before import = 0Number of asset objects unloaded after import = 1

========================================================================
Received Import Request.
  Time since last request: 0.000025 seconds.
  path: Assets/Samples/XR Hands/1.7.2/HandVisualizer/Prefabs
  artifactKey: Guid(3acfee4a2c8c7c24b96095fdac3ee33d) Importer(2089858483,192608db42251d675da83286b1cce702)
Start importing Assets/Samples/XR Hands/1.7.2/HandVisualizer/Prefabs using Guid(3acfee4a2c8c7c24b96095fdac3ee33d) Importer(2089858483,192608db42251d675da83286b1cce702) (ScriptedImporter) -> (artifact id: '7e49ed34ba084b019bf71b19490295d8') in 0.0160626 seconds
Number of updated asset objects reloaded before import = 0Number of asset objects unloaded after import = 1

========================================================================
Received Import Request.
  Time since last request: 0.000026 seconds.
  path: Assets/Settings/PC_Renderer.asset
  artifactKey: Guid(f288ae1f4751b564a96ac7587541f7a2) Importer(2089858483,192608db42251d675da83286b1cce702)
Start importing Assets/Settings/PC_Renderer.asset using Guid(f288ae1f4751b564a96ac7587541f7a2) Importer(2089858483,192608db42251d675da83286b1cce702) (ScriptedImporter) -> (artifact id: 'f974191d9351015acee7d040c040c426') in 0.08679 seconds
Number of updated asset objects reloaded before import = 0Number of asset objects unloaded after import = 1

========================================================================
Received Import Request.
  Time since last request: 0.000033 seconds.
  path: Assets/Settings/UniversalRenderPipelineGlobalSettings.asset
  artifactKey: Guid(18dc0cd2c080841dea60987a38ce93fa) Importer(2089858483,192608db42251d675da83286b1cce702)
Start importing Assets/Settings/UniversalRenderPipelineGlobalSettings.asset using Guid(18dc0cd2c080841dea60987a38ce93fa) Importer(2089858483,192608db42251d675da83286b1cce702) (ScriptedImporter) -> (artifact id: '7092ff3a8a135f7f097a4319f8b985e4') in 0.117923 seconds
Number of updated asset objects reloaded before import = 0Number of asset objects unloaded after import = 0

========================================================================
Received Import Request.
  Time since last request: 0.000024 seconds.
  path: Assets/Samples/XR Interaction Toolkit/3.2.2/Starter Assets/DemoSceneAssets/Materials/Concrete Dark Blue.mat
  artifactKey: Guid(bbb56ac3cf3c61a46ab3887c0fdbda8f) Importer(2089858483,192608db42251d675da83286b1cce702)
Start importing Assets/Samples/XR Interaction Toolkit/3.2.2/Starter Assets/DemoSceneAssets/Materials/Concrete Dark Blue.mat using Guid(bbb56ac3cf3c61a46ab3887c0fdbda8f) Importer(2089858483,192608db42251d675da83286b1cce702) (ScriptedImporter) -> (artifact id: '674a023fa58527fe2ace364a79b9d973') in 0.0889818 seconds
Number of updated asset objects reloaded before import = 0Number of asset objects unloaded after import = 3

========================================================================
Received Import Request.
  Time since last request: 0.000027 seconds.
  path: Assets/XRI/Settings/XRInteractionEditorSettings.asset
  artifactKey: Guid(d4cb5746b9e99154189faf7d4c834530) Importer(2089858483,192608db42251d675da83286b1cce702)
Start importing Assets/XRI/Settings/XRInteractionEditorSettings.asset using Guid(d4cb5746b9e99154189faf7d4c834530) Importer(2089858483,192608db42251d675da83286b1cce702) (ScriptedImporter) -> (artifact id: '7c10c195fc71584d6cedc205a349f5a2') in 0.0234245 seconds
Number of updated asset objects reloaded before import = 0Number of asset objects unloaded after import = 1

========================================================================
Received Import Request.
  Time since last request: 0.000034 seconds.
  path: Assets/Samples/XR Interaction Toolkit/3.2.2/Starter Assets/DemoSceneAssets/Scripts/IncrementUIText.cs
  artifactKey: Guid(ba6ff5e7c92519444bc2a7ca46558963) Importer(2089858483,192608db42251d675da83286b1cce702)
Start importing Assets/Samples/XR Interaction Toolkit/3.2.2/Starter Assets/DemoSceneAssets/Scripts/IncrementUIText.cs using Guid(ba6ff5e7c92519444bc2a7ca46558963) Importer(2089858483,192608db42251d675da83286b1cce702) (ScriptedImporter) -> (artifact id: '16d0e6adc195b8dd81adfc970c70c62f') in 0.0196938 seconds
Number of updated asset objects reloaded before import = 0Number of asset objects unloaded after import = 0

========================================================================
Received Import Request.
  Time since last request: 0.000036 seconds.
  path: Assets/Samples/XR Interaction Toolkit/3.2.2/Starter Assets/DemoSceneAssets/Prefabs/Teleport/Snap Teleport Anchor.prefab
  artifactKey: Guid(037ba65d346be2a48ad006b9a9a3873e) Importer(2089858483,192608db42251d675da83286b1cce702)
Start importing Assets/Samples/XR Interaction Toolkit/3.2.2/Starter Assets/DemoSceneAssets/Prefabs/Teleport/Snap Teleport Anchor.prefab using Guid(037ba65d346be2a48ad006b9a9a3873e) Importer(2089858483,192608db42251d675da83286b1cce702) (ScriptedImporter) -> (artifact id: '4ea80741c8261b244374de53e58957fd') in 0.0514528 seconds
Number of updated asset objects reloaded before import = 0Number of asset objects unloaded after import = 37

========================================================================
Received Import Request.
  Time since last request: 0.000028 seconds.
  path: Assets/Prefabs/Clay Material.mat
  artifactKey: Guid(d8e4799a0055fb24989bf41c47652aa0) Importer(2089858483,192608db42251d675da83286b1cce702)
Start importing Assets/Prefabs/Clay Material.mat using Guid(d8e4799a0055fb24989bf41c47652aa0) Importer(2089858483,192608db42251d675da83286b1cce702) (ScriptedImporter) -> (artifact id: 'da1b986ca53c70820e50defd45e83cf2') in 0.0224464 seconds
Number of updated asset objects reloaded before import = 0Number of asset objects unloaded after import = 1

========================================================================
Received Import Request.
  Time since last request: 0.000033 seconds.
  path: Assets/Samples/XR Interaction Toolkit/3.2.2/Starter Assets/Materials/MaterialPipelineHandler.asset
  artifactKey: Guid(dbe8dcb68b75cd2498ab6c1d96e072a4) Importer(2089858483,192608db42251d675da83286b1cce702)
Start importing Assets/Samples/XR Interaction Toolkit/3.2.2/Starter Assets/Materials/MaterialPipelineHandler.asset using Guid(dbe8dcb68b75cd2498ab6c1d96e072a4) Importer(2089858483,192608db42251d675da83286b1cce702) (ScriptedImporter) -> (artifact id: 'a92af493936dcf8672807f9bca901375') in 0.0282403 seconds
Number of updated asset objects reloaded before import = 0Number of asset objects unloaded after import = 9

========================================================================
Received Import Request.
  Time since last request: 0.000024 seconds.
  path: Assets/RPGPP_LT/Materials/rpgpp_lt_sky_a.mat
  artifactKey: Guid(ff33af19770dd3e489f9c65e388009fe) Importer(815301076,1909f56bfc062723c751e8b465ee728b)
Start importing Assets/RPGPP_LT/Materials/rpgpp_lt_sky_a.mat using Guid(ff33af19770dd3e489f9c65e388009fe) Importer(815301076,1909f56bfc062723c751e8b465ee728b) (PreviewImporter) -> (artifact id: 'f1c3cb6b0bce2fbeb24813019fd8bf0c') in 0.0401 seconds
Number of updated asset objects reloaded before import = 0Number of asset objects unloaded after import = 2

========================================================================
Received Import Request.
  Time since last request: 0.000027 seconds.
  path: Assets/Samples/XR Hands/1.7.2
  artifactKey: Guid(54965410184b1d341888d1d5256da092) Importer(2089858483,192608db42251d675da83286b1cce702)
Start importing Assets/Samples/XR Hands/1.7.2 using Guid(54965410184b1d341888d1d5256da092) Importer(2089858483,192608db42251d675da83286b1cce702) (ScriptedImporter) -> (artifact id: 'c4e2d65296d4393ba0793457916867d9') in 0.0148695 seconds
Number of updated asset objects reloaded before import = 0Number of asset objects unloaded after import = 1

========================================================================
Received Import Request.
  Time since last request: 0.000047 seconds.
  path: Assets/Samples/XR Interaction Toolkit/3.2.2/Starter Assets/DemoSceneAssets/Prefabs/Interactables/Pot.prefab
  artifactKey: Guid(d5615d616019430d9c2e8727e71c97fb) Importer(2089858483,192608db42251d675da83286b1cce702)
Start importing Assets/Samples/XR Interaction Toolkit/3.2.2/Starter Assets/DemoSceneAssets/Prefabs/Interactables/Pot.prefab using Guid(d5615d616019430d9c2e8727e71c97fb) Importer(2089858483,192608db42251d675da83286b1cce702) (ScriptedImporter) -> (artifact id: '479e7dd21bc73d6e73545d29fd6da2f3') in 0.040456 seconds
Number of updated asset objects reloaded before import = 0Number of asset objects unloaded after import = 24

========================================================================
Received Import Request.
  Time since last request: 0.000025 seconds.
  path: Assets/Samples/XR Hands/1.7.2/HandVisualizer/Scripts
  artifactKey: Guid(0c161b4c00c888c41a1bb8253e94492c) Importer(2089858483,192608db42251d675da83286b1cce702)
Start importing Assets/Samples/XR Hands/1.7.2/HandVisualizer/Scripts using Guid(0c161b4c00c888c41a1bb8253e94492c) Importer(2089858483,192608db42251d675da83286b1cce702) (ScriptedImporter) -> (artifact id: 'd83f590c77efbfebce0fa0cddeb74904') in 0.0160598 seconds
Number of updated asset objects reloaded before import = 0Number of asset objects unloaded after import = 1

========================================================================
Received Import Request.
  Time since last request: 0.000028 seconds.
  path: Assets/Samples/XR Interaction Toolkit/3.2.2/Starter Assets/Textures
  artifactKey: Guid(91a77be4c84205e4ba7056605bdb9e1d) Importer(2089858483,192608db42251d675da83286b1cce702)
Start importing Assets/Samples/XR Interaction Toolkit/3.2.2/Starter Assets/Textures using Guid(91a77be4c84205e4ba7056605bdb9e1d) Importer(2089858483,192608db42251d675da83286b1cce702) (ScriptedImporter) -> (artifact id: '9c9db0190092614267459d0b96407a17') in 0.0172858 seconds
Number of updated asset objects reloaded before import = 0Number of asset objects unloaded after import = 1

========================================================================
Received Import Request.
  Time since last request: 0.000037 seconds.
  path: Assets/Samples/XR Interaction Toolkit/3.2.2/Starter Assets/DemoSceneAssets/Prefabs/UI/ModalSingleButton.prefab
  artifactKey: Guid(c24a7635b5761984d81cf6c4aac26e0d) Importer(2089858483,192608db42251d675da83286b1cce702)
Start importing Assets/Samples/XR Interaction Toolkit/3.2.2/Starter Assets/DemoSceneAssets/Prefabs/UI/ModalSingleButton.prefab using Guid(c24a7635b5761984d81cf6c4aac26e0d) Importer(2089858483,192608db42251d675da83286b1cce702) (ScriptedImporter) -> (artifact id: '7fdc8752b45a5617188e8bdd42ac8bba') in 0.0796957 seconds
Number of updated asset objects reloaded before import = 0Number of asset objects unloaded after import = 40

========================================================================
Received Import Request.
  Time since last request: 0.000040 seconds.
  path: Assets/Samples/XR Interaction Toolkit/3.2.2/Starter Assets/Materials
  artifactKey: Guid(5cfaae8b567b8aa45b7a432b5bb5560c) Importer(2089858483,192608db42251d675da83286b1cce702)
Start importing Assets/Samples/XR Interaction Toolkit/3.2.2/Starter Assets/Materials using Guid(5cfaae8b567b8aa45b7a432b5bb5560c) Importer(2089858483,192608db42251d675da83286b1cce702) (ScriptedImporter) -> (artifact id: 'bc9998f7023d482b3d153e8f709b723b') in 0.0179135 seconds
Number of updated asset objects reloaded before import = 0Number of asset objects unloaded after import = 1

========================================================================
Received Import Request.
  Time since last request: 0.000031 seconds.
  path: Assets/Samples/XR Interaction Toolkit/3.2.2/Starter Assets/DemoSceneAssets/Prefabs/Interactables/Torus.prefab
  artifactKey: Guid(521327bdbcb341f782d36f02cab76cb0) Importer(2089858483,192608db42251d675da83286b1cce702)
Start importing Assets/Samples/XR Interaction Toolkit/3.2.2/Starter Assets/DemoSceneAssets/Prefabs/Interactables/Torus.prefab using Guid(521327bdbcb341f782d36f02cab76cb0) Importer(2089858483,192608db42251d675da83286b1cce702) (ScriptedImporter) -> (artifact id: '7cb7d122d19aa083e65919544799ad85') in 0.0432538 seconds
Number of updated asset objects reloaded before import = 0Number of asset objects unloaded after import = 25

========================================================================
Received Import Request.
  Time since last request: 0.000030 seconds.
  path: Assets/XR 1
  artifactKey: Guid(ea87d1198662b484cb521a70524aa55a) Importer(2089858483,192608db42251d675da83286b1cce702)
Start importing Assets/XR 1 using Guid(ea87d1198662b484cb521a70524aa55a) Importer(2089858483,192608db42251d675da83286b1cce702) (ScriptedImporter) -> (artifact id: 'e0520fdbed3d1b1d4274f82faeb950e9') in 0.0155605 seconds
Number of updated asset objects reloaded before import = 0Number of asset objects unloaded after import = 1

========================================================================
Received Import Request.
  Time since last request: 0.000021 seconds.
  path: Assets/Samples/XR Interaction Toolkit/3.2.2/Starter Assets/DemoSceneAssets/Prefabs/Interactables/Blaser.prefab
  artifactKey: Guid(3549fdaf258e11846b85a316c16c699c) Importer(2089858483,192608db42251d675da83286b1cce702)
Start importing Assets/Samples/XR Interaction Toolkit/3.2.2/Starter Assets/DemoSceneAssets/Prefabs/Interactables/Blaser.prefab using Guid(3549fdaf258e11846b85a316c16c699c) Importer(2089858483,192608db42251d675da83286b1cce702) (ScriptedImporter) -> (artifact id: '0507566f7edc3de78ae4216d24975b7e') in 0.0576891 seconds
Number of updated asset objects reloaded before import = 0Number of asset objects unloaded after import = 31

========================================================================
Received Import Request.
  Time since last request: 0.000029 seconds.
  path: Assets/Sounds
  artifactKey: Guid(7ca9d950bb2d75c42adb984592734120) Importer(2089858483,192608db42251d675da83286b1cce702)
Start importing Assets/Sounds using Guid(7ca9d950bb2d75c42adb984592734120) Importer(2089858483,192608db42251d675da83286b1cce702) (ScriptedImporter) -> (artifact id: 'cab26e2e5f3be165b87dc602ebc741d4') in 0.0161405 seconds
Number of updated asset objects reloaded before import = 0Number of asset objects unloaded after import = 1

========================================================================
Received Import Request.
  Time since last request: 0.000029 seconds.
  path: Assets/Samples/XR Interaction Toolkit/3.2.2/Starter Assets/DemoSceneAssets/Textures
  artifactKey: Guid(77dbd9eba08ae3342ae6c444454ddded) Importer(2089858483,192608db42251d675da83286b1cce702)
Start importing Assets/Samples/XR Interaction Toolkit/3.2.2/Starter Assets/DemoSceneAssets/Textures using Guid(77dbd9eba08ae3342ae6c444454ddded) Importer(2089858483,192608db42251d675da83286b1cce702) (ScriptedImporter) -> (artifact id: '1afae605cc2e9d5504d5ef51433a52ce') in 0.0183623 seconds
Number of updated asset objects reloaded before import = 0Number of asset objects unloaded after import = 1

========================================================================
Received Import Request.
  Time since last request: 0.000023 seconds.
  path: Assets/Samples/XR Interaction Toolkit/3.2.2/Starter Assets/DemoSceneAssets/Prefabs/Interactables/Torus-Cut.prefab
  artifactKey: Guid(833cb867d186193418fc107735ae3139) Importer(2089858483,192608db42251d675da83286b1cce702)
Start importing Assets/Samples/XR Interaction Toolkit/3.2.2/Starter Assets/DemoSceneAssets/Prefabs/Interactables/Torus-Cut.prefab using Guid(833cb867d186193418fc107735ae3139) Importer(2089858483,192608db42251d675da83286b1cce702) (ScriptedImporter) -> (artifact id: '2d306749aec291c852c15a6c1f935f93') in 0.0410245 seconds
Number of updated asset objects reloaded before import = 0Number of asset objects unloaded after import = 24

========================================================================
Received Import Request.
  Time since last request: 0.000038 seconds.
  path: Assets/XR/UserSimulationSettings/SimulationEnvironmentAssetsManager.asset
  artifactKey: Guid(dcc3681360f0bc740ab5c38319b73b8e) Importer(2089858483,192608db42251d675da83286b1cce702)
Start importing Assets/XR/UserSimulationSettings/SimulationEnvironmentAssetsManager.asset using Guid(dcc3681360f0bc740ab5c38319b73b8e) Importer(2089858483,192608db42251d675da83286b1cce702) (ScriptedImporter) -> (artifact id: 'c400876ddd4cc0cf64f63d5154e5e03b') in 0.0257188 seconds
Number of updated asset objects reloaded before import = 0Number of asset objects unloaded after import = 1

========================================================================
Received Import Request.
  Time since last request: 0.000036 seconds.
  path: Assets/RPGPP_LT/Materials
  artifactKey: Guid(4d3b63fcb0486f848b58d507c8d70b9e) Importer(815301076,1909f56bfc062723c751e8b465ee728b)
Start importing Assets/RPGPP_LT/Materials using Guid(4d3b63fcb0486f848b58d507c8d70b9e) Importer(815301076,1909f56bfc062723c751e8b465ee728b) (PreviewImporter) -> (artifact id: '39be70d326f5a30f95b5f067ffe98edd') in 0.0009246 seconds
Number of updated asset objects reloaded before import = 0Number of asset objects unloaded after import = 0

========================================================================
Received Import Request.
  Time since last request: 0.000022 seconds.
  path: Assets/Samples/XR Interaction Toolkit/3.2.2/Starter Assets/Materials/UI-NoZTest.mat
  artifactKey: Guid(6f3d696f7c3365846b6dc2402afb3d3e) Importer(2089858483,192608db42251d675da83286b1cce702)
Start importing Assets/Samples/XR Interaction Toolkit/3.2.2/Starter Assets/Materials/UI-NoZTest.mat using Guid(6f3d696f7c3365846b6dc2402afb3d3e) Importer(2089858483,192608db42251d675da83286b1cce702) (ScriptedImporter) -> (artifact id: 'b8ba0457983db5beb0bef37fce2e9843') in 0.0247197 seconds
Number of updated asset objects reloaded before import = 0Number of asset objects unloaded after import = 1

========================================================================
Received Import Request.
  Time since last request: 0.000028 seconds.
  path: Assets/Samples/XR Interaction Toolkit/3.2.2/Starter Assets/XRI Default Input Actions.inputactions
  artifactKey: Guid(c348712bda248c246b8c49b3db54643f) Importer(2089858483,192608db42251d675da83286b1cce702)
Start importing Assets/Samples/XR Interaction Toolkit/3.2.2/Starter Assets/XRI Default Input Actions.inputactions using Guid(c348712bda248c246b8c49b3db54643f) Importer(2089858483,192608db42251d675da83286b1cce702) (ScriptedImporter) -> (artifact id: '9cd19c8eb5819d15a8739efa881869cf') in 0.5300347 seconds
Number of updated asset objects reloaded before import = 0Number of asset objects unloaded after import = 95

========================================================================
Received Import Request.
  Time since last request: 0.000033 seconds.
  path: Assets/Samples/XR Hands/1.7.2/HandVisualizer/Unity.XR.Hands.Samples.VisualizerSample.asmdef
  artifactKey: Guid(60e576d96416ac94182fe26f63acf9ff) Importer(2089858483,192608db42251d675da83286b1cce702)
Start importing Assets/Samples/XR Hands/1.7.2/HandVisualizer/Unity.XR.Hands.Samples.VisualizerSample.asmdef using Guid(60e576d96416ac94182fe26f63acf9ff) Importer(2089858483,192608db42251d675da83286b1cce702) (ScriptedImporter) -> (artifact id: '483baa126f35037c552068a4ff10c267') in 0.0187392 seconds
Number of updated asset objects reloaded before import = 0Number of asset objects unloaded after import = 1

========================================================================
Received Import Request.
  Time since last request: 0.000031 seconds.
  path: Assets/Samples/XR Interaction Toolkit/3.2.2/Starter Assets/Prefabs/XR Origin (XR Rig).prefab
  artifactKey: Guid(f6336ac4ac8b4d34bc5072418cdc62a0) Importer(2089858483,192608db42251d675da83286b1cce702)
Start importing Assets/Samples/XR Interaction Toolkit/3.2.2/Starter Assets/Prefabs/XR Origin (XR Rig).prefab using Guid(f6336ac4ac8b4d34bc5072418cdc62a0) Importer(2089858483,192608db42251d675da83286b1cce702) (ScriptedImporter) -> (artifact id: 'd1e51dbb8e9375ebfe79a0284d4cefc6') in 0.1434741 seconds
Number of updated asset objects reloaded before import = 0Number of asset objects unloaded after import = 356

========================================================================
Received Import Request.
  Time since last request: 0.000028 seconds.
  path: Assets/Samples/XR Interaction Toolkit/3.2.2/Starter Assets/Materials/FresnelHighlight.mat
  artifactKey: Guid(f5ccd52dc494e054fbe7d7161dcabe25) Importer(2089858483,192608db42251d675da83286b1cce702)
Start importing Assets/Samples/XR Interaction Toolkit/3.2.2/Starter Assets/Materials/FresnelHighlight.mat using Guid(f5ccd52dc494e054fbe7d7161dcabe25) Importer(2089858483,192608db42251d675da83286b1cce702) (ScriptedImporter) -> (artifact id: '8039d76e70fcb51fddbb7fca2f3b53cd') in 0.0435177 seconds
Number of updated asset objects reloaded before import = 0Number of asset objects unloaded after import = 7

========================================================================
Received Import Request.
  Time since last request: 0.000029 seconds.
  path: Assets/Samples/XR Interaction Toolkit/3.2.2/Starter Assets/DemoSceneAssets/Prefabs/Teleport/Teleport Anchor.prefab
  artifactKey: Guid(fad94b617f0540568dbf4c9c4011248c) Importer(2089858483,192608db42251d675da83286b1cce702)
Start importing Assets/Samples/XR Interaction Toolkit/3.2.2/Starter Assets/DemoSceneAssets/Prefabs/Teleport/Teleport Anchor.prefab using Guid(fad94b617f0540568dbf4c9c4011248c) Importer(2089858483,192608db42251d675da83286b1cce702) (ScriptedImporter) -> (artifact id: '162dc0bd20611bbb3b032f07aabd6d8a') in 0.0273809 seconds
Number of updated asset objects reloaded before import = 0Number of asset objects unloaded after import = 13

========================================================================
Received Import Request.
  Time since last request: 0.000023 seconds.
  path: Assets/XRI/Settings
  artifactKey: Guid(f8e611a66b0b28f40a851bf8061f8d1f) Importer(2089858483,192608db42251d675da83286b1cce702)
Start importing Assets/XRI/Settings using Guid(f8e611a66b0b28f40a851bf8061f8d1f) Importer(2089858483,192608db42251d675da83286b1cce702) (ScriptedImporter) -> (artifact id: '636724b70829a0e471efa9ffb3c83453') in 0.0165976 seconds
Number of updated asset objects reloaded before import = 0Number of asset objects unloaded after import = 1

========================================================================
Received Import Request.
  Time since last request: 0.000021 seconds.
  path: Assets/Samples/XR Interaction Toolkit/3.2.2/Starter Assets/DemoSceneAssets/Materials/Lit White.mat
  artifactKey: Guid(fc226930e8fad4c499969204cecfbc05) Importer(2089858483,192608db42251d675da83286b1cce702)
Start importing Assets/Samples/XR Interaction Toolkit/3.2.2/Starter Assets/DemoSceneAssets/Materials/Lit White.mat using Guid(fc226930e8fad4c499969204cecfbc05) Importer(2089858483,192608db42251d675da83286b1cce702) (ScriptedImporter) -> (artifact id: 'f967fadaaacb48ea29a9eb7817f1283b') in 0.1020776 seconds
Number of updated asset objects reloaded before import = 0Number of asset objects unloaded after import = 2

========================================================================
Received Import Request.
  Time since last request: 0.000021 seconds.
  path: Assets/Samples/XR Interaction Toolkit/3.2.2/Starter Assets/Presets/XRI Default XR UI Input Module.preset
  artifactKey: Guid(2c3e7ff9ab352b74da862a5a8779b276) Importer(2089858483,192608db42251d675da83286b1cce702)
Start importing Assets/Samples/XR Interaction Toolkit/3.2.2/Starter Assets/Presets/XRI Default XR UI Input Module.preset using Guid(2c3e7ff9ab352b74da862a5a8779b276) Importer(2089858483,192608db42251d675da83286b1cce702) (ScriptedImporter) -> (artifact id: '7fa3aad92d7a80510e5b70131b054c1d') in 0.0248832 seconds
Number of updated asset objects reloaded before import = 0Number of asset objects unloaded after import = 10

========================================================================
Received Import Request.
  Time since last request: 0.000046 seconds.
  path: Assets/XR/Loaders/OculusLoader.asset
  artifactKey: Guid(5b9effe218efdb44fa222efc02c391c6) Importer(2089858483,192608db42251d675da83286b1cce702)
Start importing Assets/XR/Loaders/OculusLoader.asset using Guid(5b9effe218efdb44fa222efc02c391c6) Importer(2089858483,192608db42251d675da83286b1cce702) (ScriptedImporter) -> (artifact id: '0e20063e86d37a46b83cfd9f4879ef05') in 0.0187609 seconds
Number of updated asset objects reloaded before import = 0Number of asset objects unloaded after import = 1

========================================================================
Received Import Request.
  Time since last request: 0.000028 seconds.
  path: Assets/Samples/XR Interaction Toolkit/3.2.2/Starter Assets/Presets/XRI Default Right Controller InputActionManager.preset
  artifactKey: Guid(55f7614a1d331d14bb631965514937d8) Importer(2089858483,192608db42251d675da83286b1cce702)
Start importing Assets/Samples/XR Interaction Toolkit/3.2.2/Starter Assets/Presets/XRI Default Right Controller InputActionManager.preset using Guid(55f7614a1d331d14bb631965514937d8) Importer(2089858483,192608db42251d675da83286b1cce702) (ScriptedImporter) -> (artifact id: '0ef1ab72a97a7b064bc4ecffac5035d0') in 0.0237148 seconds
Number of updated asset objects reloaded before import = 0Number of asset objects unloaded after import = 8

========================================================================
Received Import Request.
  Time since last request: 0.000024 seconds.
  path: Assets/Samples/XR Interaction Toolkit/3.2.2/Starter Assets/DemoSceneAssets/Prefabs/Climb/Single Floor Ladder.prefab
  artifactKey: Guid(1f62bdd0e59688d4bb754afe89fa2f5a) Importer(2089858483,192608db42251d675da83286b1cce702)
Start importing Assets/Samples/XR Interaction Toolkit/3.2.2/Starter Assets/DemoSceneAssets/Prefabs/Climb/Single Floor Ladder.prefab using Guid(1f62bdd0e59688d4bb754afe89fa2f5a) Importer(2089858483,192608db42251d675da83286b1cce702) (ScriptedImporter) -> (artifact id: '5da6c4d4559751437aff0bf4fe95bcbf') in 0.0334668 seconds
Number of updated asset objects reloaded before import = 0Number of asset objects unloaded after import = 198

========================================================================
Received Import Request.
  Time since last request: 0.000034 seconds.
  path: Assets/Samples/XR Hands/1.7.2/HandVisualizer/Scripts/HandVisualizer.cs
  artifactKey: Guid(2e9813c68d7d6f44282ace8bd2d1fd46) Importer(2089858483,192608db42251d675da83286b1cce702)
Start importing Assets/Samples/XR Hands/1.7.2/HandVisualizer/Scripts/HandVisualizer.cs using Guid(2e9813c68d7d6f44282ace8bd2d1fd46) Importer(2089858483,192608db42251d675da83286b1cce702) (ScriptedImporter) -> (artifact id: '04b37b9bf6bc5273a5d6943441b70e81') in 0.0175094 seconds
Number of updated asset objects reloaded before import = 0Number of asset objects unloaded after import = 0

========================================================================
Received Import Request.
  Time since last request: 0.000043 seconds.
  path: Assets/Settings/DefaultVolumeProfile.asset
  artifactKey: Guid(ab09877e2e707104187f6f83e2f62510) Importer(2089858483,192608db42251d675da83286b1cce702)
Start importing Assets/Settings/DefaultVolumeProfile.asset using Guid(ab09877e2e707104187f6f83e2f62510) Importer(2089858483,192608db42251d675da83286b1cce702) (ScriptedImporter) -> (artifact id: '9c227dfd5a49f7ddc3ef5b484a6fd1a6') in 0.0200302 seconds
Number of updated asset objects reloaded before import = 0Number of asset objects unloaded after import = 0

========================================================================
Received Import Request.
  Time since last request: 0.000019 seconds.
  path: Assets/XR/XRGeneralSettingsPerBuildTarget.asset
  artifactKey: Guid(b1ade2cf8e04873418a6386d85885001) Importer(2089858483,192608db42251d675da83286b1cce702)
Start importing Assets/XR/XRGeneralSettingsPerBuildTarget.asset using Guid(b1ade2cf8e04873418a6386d85885001) Importer(2089858483,192608db42251d675da83286b1cce702) (ScriptedImporter) -> (artifact id: '78af0f44599ef06f9dedb1024771c402') in 0.0322765 seconds
Number of updated asset objects reloaded before import = 0Number of asset objects unloaded after import = 1

========================================================================
Received Import Request.
  Time since last request: 0.000022 seconds.
  path: Assets/Samples/XR Interaction Toolkit/3.2.2/Starter Assets/Prefabs/Interactors/Gaze Interactor.prefab
  artifactKey: Guid(b84cd05e1160fe34cab2585022c8cd99) Importer(2089858483,192608db42251d675da83286b1cce702)
Start importing Assets/Samples/XR Interaction Toolkit/3.2.2/Starter Assets/Prefabs/Interactors/Gaze Interactor.prefab using Guid(b84cd05e1160fe34cab2585022c8cd99) Importer(2089858483,192608db42251d675da83286b1cce702) (ScriptedImporter) -> (artifact id: '341c1458eaf5d3ac9a7fb9fad81f3ad7') in 0.1535335 seconds
Number of updated asset objects reloaded before import = 0Number of asset objects unloaded after import = 12

========================================================================
Received Import Request.
  Time since last request: 0.000023 seconds.
  path: Assets/Samples/XR Interaction Toolkit/3.2.2/Starter Assets/Animations/ArrowBounce.anim
  artifactKey: Guid(ebfa13455423c254e943b87bf6e1f310) Importer(2089858483,192608db42251d675da83286b1cce702)
Start importing Assets/Samples/XR Interaction Toolkit/3.2.2/Starter Assets/Animations/ArrowBounce.anim using Guid(ebfa13455423c254e943b87bf6e1f310) Importer(2089858483,192608db42251d675da83286b1cce702) (ScriptedImporter) -> (artifact id: '85d640504d6187f0dc23318a4d9e18a6') in 0.0203323 seconds
Number of updated asset objects reloaded before import = 0Number of asset objects unloaded after import = 1

========================================================================
Received Import Request.
  Time since last request: 0.000032 seconds.
  path: Assets/Samples/XR Hands/1.7.2/HandVisualizer/Materials/TransparentRed.mat
  artifactKey: Guid(d149182fa7aa1dc47bd32b2a6da80ec9) Importer(2089858483,192608db42251d675da83286b1cce702)
Start importing Assets/Samples/XR Hands/1.7.2/HandVisualizer/Materials/TransparentRed.mat using Guid(d149182fa7aa1dc47bd32b2a6da80ec9) Importer(2089858483,192608db42251d675da83286b1cce702) (ScriptedImporter) -> (artifact id: '5b807a8532164b6b68704f1ca8556b3a') in 0.0197586 seconds
Number of updated asset objects reloaded before import = 0Number of asset objects unloaded after import = 1

========================================================================
Received Import Request.
  Time since last request: 0.000027 seconds.
  path: Assets/Samples/XR Interaction Toolkit/3.2.2/Starter Assets/Prefabs/Teleport/Climb Teleport Arrow.prefab
  artifactKey: Guid(ae1968658b9687b47976fe86c062168f) Importer(2089858483,192608db42251d675da83286b1cce702)
Start importing Assets/Samples/XR Interaction Toolkit/3.2.2/Starter Assets/Prefabs/Teleport/Climb Teleport Arrow.prefab using Guid(ae1968658b9687b47976fe86c062168f) Importer(2089858483,192608db42251d675da83286b1cce702) (ScriptedImporter) -> (artifact id: '034a16c79c18bcbceb18c8e94718c786') in 0.0349371 seconds
Number of updated asset objects reloaded before import = 0Number of asset objects unloaded after import = 27

========================================================================
Received Import Request.
  Time since last request: 0.000027 seconds.
  path: Assets/RPGPP_LT/Materials/rpgpp_lt_mat_a.mat
  artifactKey: Guid(58d53420af384224ea4cfee8973d18cb) Importer(815301076,1909f56bfc062723c751e8b465ee728b)
Start importing Assets/RPGPP_LT/Materials/rpgpp_lt_mat_a.mat using Guid(58d53420af384224ea4cfee8973d18cb) Importer(815301076,1909f56bfc062723c751e8b465ee728b) (PreviewImporter) -> (artifact id: '1178d4854a7e7583a779169a14785b8b') in 0.0147922 seconds
Number of updated asset objects reloaded before import = 0Number of asset objects unloaded after import = 2

========================================================================
Received Import Request.
  Time since last request: 0.000045 seconds.
  path: Assets/Outsourced Assets/Gun Model/New Material.mat
  artifactKey: Guid(8ce6c0e44da16e14b95b072c0a022263) Importer(2089858483,192608db42251d675da83286b1cce702)
Start importing Assets/Outsourced Assets/Gun Model/New Material.mat using Guid(8ce6c0e44da16e14b95b072c0a022263) Importer(2089858483,192608db42251d675da83286b1cce702) (ScriptedImporter) -> (artifact id: '38f3a64dcf39130d74cecbdc29e6fae3') in 0.0507278 seconds
Number of updated asset objects reloaded before import = 0Number of asset objects unloaded after import = 2

========================================================================
Received Import Request.
  Time since last request: 0.000040 seconds.
  path: Assets/Samples/XR Interaction Toolkit/3.2.2/Starter Assets/Prefabs/Interactors/Direct Interactor.prefab
  artifactKey: Guid(2fd3e07afe5b461490fb8e314976b1b0) Importer(2089858483,192608db42251d675da83286b1cce702)
Start importing Assets/Samples/XR Interaction Toolkit/3.2.2/Starter Assets/Prefabs/Interactors/Direct Interactor.prefab using Guid(2fd3e07afe5b461490fb8e314976b1b0) Importer(2089858483,192608db42251d675da83286b1cce702) (ScriptedImporter) -> (artifact id: '80cd9c4869b13722847435437d7150e7') in 0.0788195 seconds
Number of updated asset objects reloaded before import = 0Number of asset objects unloaded after import = 8

========================================================================
Received Import Request.
  Time since last request: 0.000025 seconds.
  path: Assets/Samples/XR Interaction Toolkit/3.2.2/Starter Assets/DemoSceneAssets/Prefabs/Climb/Climbing Wall.prefab
  artifactKey: Guid(a0ea40bd139aedc43b0e8374d6139437) Importer(2089858483,192608db42251d675da83286b1cce702)
Start importing Assets/Samples/XR Interaction Toolkit/3.2.2/Starter Assets/DemoSceneAssets/Prefabs/Climb/Climbing Wall.prefab using Guid(a0ea40bd139aedc43b0e8374d6139437) Importer(2089858483,192608db42251d675da83286b1cce702) (ScriptedImporter) -> (artifact id: '7beba869bbe40762d75f0c7b6c9b75de') in 0.0233753 seconds
Number of updated asset objects reloaded before import = 0Number of asset objects unloaded after import = 345

========================================================================
Received Import Request.
  Time since last request: 0.000036 seconds.
  path: Assets/Samples/XR Interaction Toolkit/3.2.2/Starter Assets/AffordanceThemes
  artifactKey: Guid(c333f3b28c3ddba48b84169d5da1a730) Importer(2089858483,192608db42251d675da83286b1cce702)
Start importing Assets/Samples/XR Interaction Toolkit/3.2.2/Starter Assets/AffordanceThemes using Guid(c333f3b28c3ddba48b84169d5da1a730) Importer(2089858483,192608db42251d675da83286b1cce702) (ScriptedImporter) -> (artifact id: '50db1ec3583e3a7d84d02b687d0972e8') in 0.0161806 seconds
Number of updated asset objects reloaded before import = 0Number of asset objects unloaded after import = 1

========================================================================
Received Import Request.
  Time since last request: 0.000024 seconds.
  path: Assets/Samples/XR Hands/1.7.2/HandVisualizer/Scripts/JointVisualizer.cs
  artifactKey: Guid(6e1c395ff62a3a14dbeb293298bb46bf) Importer(2089858483,192608db42251d675da83286b1cce702)
Start importing Assets/Samples/XR Hands/1.7.2/HandVisualizer/Scripts/JointVisualizer.cs using Guid(6e1c395ff62a3a14dbeb293298bb46bf) Importer(2089858483,192608db42251d675da83286b1cce702) (ScriptedImporter) -> (artifact id: 'f62e6f00dbe107ac6e43fa9307b63e69') in 0.0156982 seconds
Number of updated asset objects reloaded before import = 0Number of asset objects unloaded after import = 0

========================================================================
Received Import Request.
  Time since last request: 0.000030 seconds.
  path: Assets/Samples/XR Interaction Toolkit/3.2.2/Starter Assets/AffordanceThemes/HighlightInteractionColor.asset
  artifactKey: Guid(8b0b5aede76faac438e02d2a468f4805) Importer(2089858483,192608db42251d675da83286b1cce702)
Start importing Assets/Samples/XR Interaction Toolkit/3.2.2/Starter Assets/AffordanceThemes/HighlightInteractionColor.asset using Guid(8b0b5aede76faac438e02d2a468f4805) Importer(2089858483,192608db42251d675da83286b1cce702) (ScriptedImporter) -> (artifact id: '3fb775da786e33e41fcfe04f25639861') in 0.020993 seconds
Number of updated asset objects reloaded before import = 0Number of asset objects unloaded after import = 1

========================================================================
Received Import Request.
  Time since last request: 0.000030 seconds.
  path: Assets/Samples/XR Interaction Toolkit/3.2.2/Starter Assets/DemoSceneAssets/Settings/TeleportDestinationSettings.asset
  artifactKey: Guid(8d66c9762e1587643a1164368c8a2c58) Importer(2089858483,192608db42251d675da83286b1cce702)
Start importing Assets/Samples/XR Interaction Toolkit/3.2.2/Starter Assets/DemoSceneAssets/Settings/TeleportDestinationSettings.asset using Guid(8d66c9762e1587643a1164368c8a2c58) Importer(2089858483,192608db42251d675da83286b1cce702) (ScriptedImporter) -> (artifact id: '1c3aba14a04b9c521f42bba976b134de') in 0.0211232 seconds
Number of updated asset objects reloaded before import = 0Number of asset objects unloaded after import = 2

========================================================================
Received Import Request.
  Time since last request: 0.000030 seconds.
  path: Assets/Settings/SampleSceneProfile.asset
  artifactKey: Guid(10fc4df2da32a41aaa32d77bc913491c) Importer(2089858483,192608db42251d675da83286b1cce702)
Start importing Assets/Settings/SampleSceneProfile.asset using Guid(10fc4df2da32a41aaa32d77bc913491c) Importer(2089858483,192608db42251d675da83286b1cce702) (ScriptedImporter) -> (artifact id: '021a5554611eef3c7af957527ecab665') in 0.0182084 seconds
Number of updated asset objects reloaded before import = 0Number of asset objects unloaded after import = 1

========================================================================
Received Import Request.
  Time since last request: 0.000031 seconds.
  path: Assets/Animated Hands/Animations
  artifactKey: Guid(e840c6d7927a8794895d56387046aea7) Importer(2089858483,192608db42251d675da83286b1cce702)
Start importing Assets/Animated Hands/Animations using Guid(e840c6d7927a8794895d56387046aea7) Importer(2089858483,192608db42251d675da83286b1cce702) (ScriptedImporter) -> (artifact id: '2b6a594e41d92d2943cfeb852c6b6c68') in 0.0146819 seconds
Number of updated asset objects reloaded before import = 0Number of asset objects unloaded after import = 1

========================================================================
Received Import Request.
  Time since last request: 0.000030 seconds.
  path: Assets/XR 4
  artifactKey: Guid(3971fb2d840310f41b1124b546677309) Importer(2089858483,192608db42251d675da83286b1cce702)
Start importing Assets/XR 4 using Guid(3971fb2d840310f41b1124b546677309) Importer(2089858483,192608db42251d675da83286b1cce702) (ScriptedImporter) -> (artifact id: 'd704e92c5a1121dfa3521e15e2a6152a') in 0.0159018 seconds
Number of updated asset objects reloaded before import = 0Number of asset objects unloaded after import = 1

========================================================================
Received Import Request.
  Time since last request: 0.000024 seconds.
  path: Assets/Samples/XR Interaction Toolkit/3.2.2/Starter Assets/DemoSceneAssets/Prefabs/Far Grab Samples.prefab
  artifactKey: Guid(f5ee409d69254d64da7a3b74d31a5a40) Importer(2089858483,192608db42251d675da83286b1cce702)
Start importing Assets/Samples/XR Interaction Toolkit/3.2.2/Starter Assets/DemoSceneAssets/Prefabs/Far Grab Samples.prefab using Guid(f5ee409d69254d64da7a3b74d31a5a40) Importer(2089858483,192608db42251d675da83286b1cce702) (ScriptedImporter) -> (artifact id: 'caa8e20b0b1074964eeafecebf774b34') in 0.0324192 seconds
Number of updated asset objects reloaded before import = 0Number of asset objects unloaded after import = 84

========================================================================
Received Import Request.
  Time since last request: 0.000036 seconds.
  path: Assets/Animated Hands/Materials
  artifactKey: Guid(439571b1b54225746960ad2b9769efe7) Importer(2089858483,192608db42251d675da83286b1cce702)
Start importing Assets/Animated Hands/Materials using Guid(439571b1b54225746960ad2b9769efe7) Importer(2089858483,192608db42251d675da83286b1cce702) (ScriptedImporter) -> (artifact id: '5d2a423a035009981e98392283a8c8af') in 0.0182027 seconds
Number of updated asset objects reloaded before import = 0Number of asset objects unloaded after import = 1

========================================================================
Received Import Request.
  Time since last request: 0.000021 seconds.
  path: Assets/XRI/Settings/Resources/XRDeviceSimulatorSettings.asset
  artifactKey: Guid(6aa4dc53e0056484dbe0af9f962136c3) Importer(2089858483,192608db42251d675da83286b1cce702)
Start importing Assets/XRI/Settings/Resources/XRDeviceSimulatorSettings.asset using Guid(6aa4dc53e0056484dbe0af9f962136c3) Importer(2089858483,192608db42251d675da83286b1cce702) (ScriptedImporter) -> (artifact id: '1412b236c4d724e1d81bb3db1bfe4f7d') in 0.0185754 seconds
Number of updated asset objects reloaded before import = 0Number of asset objects unloaded after import = 1

========================================================================
Received Import Request.
  Time since last request: 0.000019 seconds.
  path: Assets/Samples/XR Interaction Toolkit/3.2.2/Starter Assets/Presets/XRI Default Left Controller InputActionManager.preset
  artifactKey: Guid(c3d4ecc12d5e0f14c93fd734af32ab63) Importer(2089858483,192608db42251d675da83286b1cce702)
Start importing Assets/Samples/XR Interaction Toolkit/3.2.2/Starter Assets/Presets/XRI Default Left Controller InputActionManager.preset using Guid(c3d4ecc12d5e0f14c93fd734af32ab63) Importer(2089858483,192608db42251d675da83286b1cce702) (ScriptedImporter) -> (artifact id: '89e49de79a0608a1da5868a0df859a08') in 0.0197761 seconds
Number of updated asset objects reloaded before import = 0Number of asset objects unloaded after import = 8

========================================================================
Received Import Request.
  Time since last request: 0.228333 seconds.
  path: Assets/Samples/XR Interaction Toolkit/3.2.2/Starter Assets/DemoSceneAssets/Prefabs/Interactables/Confetti.prefab
  artifactKey: Guid(7942e6544a2b2ae48bcf988d9aed838d) Importer(2089858483,192608db42251d675da83286b1cce702)
Start importing Assets/Samples/XR Interaction Toolkit/3.2.2/Starter Assets/DemoSceneAssets/Prefabs/Interactables/Confetti.prefab using Guid(7942e6544a2b2ae48bcf988d9aed838d) Importer(2089858483,192608db42251d675da83286b1cce702) (ScriptedImporter) -> (artifact id: '64de5656461dd285e5eed974a6e1606e') in 0.1678949 seconds
Number of updated asset objects reloaded before import = 0Number of asset objects unloaded after import = 6

========================================================================
Received Import Request.
  Time since last request: 0.000026 seconds.
  path: Assets/RPGPP_LT/Models/Props/rpgpp_lt_wood_path_01b.fbx
  artifactKey: Guid(f867a2534aa85914d9e6b62f681cdf69) Importer(2089858483,192608db42251d675da83286b1cce702)
Start importing Assets/RPGPP_LT/Models/Props/rpgpp_lt_wood_path_01b.fbx using Guid(f867a2534aa85914d9e6b62f681cdf69) Importer(2089858483,192608db42251d675da83286b1cce702) (ScriptedImporter) -> (artifact id: '57b2d175da3e628961f0a3aa3a1c149b') in 0.0531926 seconds
Number of updated asset objects reloaded before import = 0Number of asset objects unloaded after import = 7

========================================================================
Received Import Request.
  Time since last request: 0.000026 seconds.
  path: Assets/RPGPP_LT/Models/Nature/rpgpp_lt_cloud_01.fbx
  artifactKey: Guid(b36c73269c1668c4bbfb76bf41a74b15) Importer(2089858483,192608db42251d675da83286b1cce702)
Start importing Assets/RPGPP_LT/Models/Nature/rpgpp_lt_cloud_01.fbx using Guid(b36c73269c1668c4bbfb76bf41a74b15) Importer(2089858483,192608db42251d675da83286b1cce702) (ScriptedImporter) -> (artifact id: 'd6833f5dfdbcb05bc1b7c89deece8d2c') in 0.0341355 seconds
Number of updated asset objects reloaded before import = 0Number of asset objects unloaded after import = 7

========================================================================
Received Import Request.
  Time since last request: 0.000023 seconds.
  path: Assets/RPGPP_LT/Prefabs/Props/Containers/rpgpp_lt_barrel_02.prefab
  artifactKey: Guid(9de25cb83282c7046b4dc6d17d18c281) Importer(2089858483,192608db42251d675da83286b1cce702)
Start importing Assets/RPGPP_LT/Prefabs/Props/Containers/rpgpp_lt_barrel_02.prefab using Guid(9de25cb83282c7046b4dc6d17d18c281) Importer(2089858483,192608db42251d675da83286b1cce702) (ScriptedImporter) -> (artifact id: 'f7f9fc9c1b11a07cd2c21cd08859463d') in 0.0264127 seconds
Number of updated asset objects reloaded before import = 0Number of asset objects unloaded after import = 14

========================================================================
Received Import Request.
  Time since last request: 0.000044 seconds.
  path: Assets/RPGPP_LT/Models/Nature/rpgpp_lt_hill_small_02.fbx
  artifactKey: Guid(87dc0b67e5fe70f40a31e17b0c0058b4) Importer(2089858483,192608db42251d675da83286b1cce702)
Start importing Assets/RPGPP_LT/Models/Nature/rpgpp_lt_hill_small_02.fbx using Guid(87dc0b67e5fe70f40a31e17b0c0058b4) Importer(2089858483,192608db42251d675da83286b1cce702) (ScriptedImporter) -> (artifact id: 'e27a180fe346d06f863d9c7f2be415fd') in 0.0338934 seconds
Number of updated asset objects reloaded before import = 0Number of asset objects unloaded after import = 7

========================================================================
Received Import Request.
  Time since last request: 0.000041 seconds.
  path: Assets/RPGPP_LT/Models/Props/rpgpp_lt_vase_01.fbx
  artifactKey: Guid(9bd069d17b875254f9fc1eeccdd647b4) Importer(2089858483,192608db42251d675da83286b1cce702)
Start importing Assets/RPGPP_LT/Models/Props/rpgpp_lt_vase_01.fbx using Guid(9bd069d17b875254f9fc1eeccdd647b4) Importer(2089858483,192608db42251d675da83286b1cce702) (ScriptedImporter) -> (artifact id: '56e485006c40c162f47ce60d1f6ab63e') in 0.0303155 seconds
Number of updated asset objects reloaded before import = 0Number of asset objects unloaded after import = 7

========================================================================
Received Import Request.
  Time since last request: 0.000024 seconds.
  path: Assets/RPGPP_LT/Prefabs/Props/Misc/rpgpp_lt_wagon_01.prefab
  artifactKey: Guid(87d1d734739f10440b2bdbb449c09a9e) Importer(2089858483,192608db42251d675da83286b1cce702)
Start importing Assets/RPGPP_LT/Prefabs/Props/Misc/rpgpp_lt_wagon_01.prefab using Guid(87d1d734739f10440b2bdbb449c09a9e) Importer(2089858483,192608db42251d675da83286b1cce702) (ScriptedImporter) -> (artifact id: '7e84bf15847be8740b4e8798cad5efcc') in 0.0230517 seconds
Number of updated asset objects reloaded before import = 0Number of asset objects unloaded after import = 8

========================================================================
Received Import Request.
  Time since last request: 0.121223 seconds.
  path: Assets/RPGPP_LT/Prefabs/Nature/Vegetation/Trees/rpgpp_lt_tree_pine_01.prefab
  artifactKey: Guid(22a3fd8d3e59a1149bdcd775c0e87241) Importer(2089858483,192608db42251d675da83286b1cce702)
Start importing Assets/RPGPP_LT/Prefabs/Nature/Vegetation/Trees/rpgpp_lt_tree_pine_01.prefab using Guid(22a3fd8d3e59a1149bdcd775c0e87241) Importer(2089858483,192608db42251d675da83286b1cce702) (ScriptedImporter) -> (artifact id: 'd79118e5b8ffdb36be5d2d18440a69d1') in 0.0252576 seconds
Number of updated asset objects reloaded before import = 0Number of asset objects unloaded after import = 8

========================================================================
Received Import Request.
  Time since last request: 0.401886 seconds.
  path: Assets/RPGPP_LT/Models/Nature/rpgpp_lt_rock_03.fbx
  artifactKey: Guid(455995b8866658b42b3da7b1cab18535) Importer(2089858483,192608db42251d675da83286b1cce702)
Start importing Assets/RPGPP_LT/Models/Nature/rpgpp_lt_rock_03.fbx using Guid(455995b8866658b42b3da7b1cab18535) Importer(2089858483,192608db42251d675da83286b1cce702) (ScriptedImporter) -> (artifact id: '3f8e8bebaad43477eafec892fdf396ba') in 0.0343683 seconds
Number of updated asset objects reloaded before import = 0Number of asset objects unloaded after import = 7

========================================================================
Received Import Request.
  Time since last request: 0.384775 seconds.
  path: Assets/RPGPP_LT/Prefabs/Nature/Terrain/rpgpp_lt_terrain_path_01a.prefab
  artifactKey: Guid(a25996a7d0674de40a8273b54b50aa7b) Importer(2089858483,192608db42251d675da83286b1cce702)
Start importing Assets/RPGPP_LT/Prefabs/Nature/Terrain/rpgpp_lt_terrain_path_01a.prefab using Guid(a25996a7d0674de40a8273b54b50aa7b) Importer(2089858483,192608db42251d675da83286b1cce702) (ScriptedImporter) -> (artifact id: '7206d641c4538937c1e53831dc212c58') in 0.0278216 seconds
Number of updated asset objects reloaded before import = 0Number of asset objects unloaded after import = 8

========================================================================
Received Import Request.
  Time since last request: 0.392242 seconds.
  path: Assets/RPGPP_LT/Prefabs/Exterior/Wood_path/rpgpp_lt_wood_path_01a.prefab
  artifactKey: Guid(c96016c34e7be62488e588470988ef5b) Importer(2089858483,192608db42251d675da83286b1cce702)
Start importing Assets/RPGPP_LT/Prefabs/Exterior/Wood_path/rpgpp_lt_wood_path_01a.prefab using Guid(c96016c34e7be62488e588470988ef5b) Importer(2089858483,192608db42251d675da83286b1cce702) (ScriptedImporter) -> (artifact id: '6a6d350369c3ca14dd716c5aa7e205e2') in 0.0320487 seconds
Number of updated asset objects reloaded before import = 0Number of asset objects unloaded after import = 8

========================================================================
Received Import Request.
  Time since last request: 0.405713 seconds.
  path: Assets/RPGPP_LT/Scene/rpgpp_lt_scene_1.0
  artifactKey: Guid(e91874f67ab11ea4f942735266c057e1) Importer(2089858483,192608db42251d675da83286b1cce702)
Start importing Assets/RPGPP_LT/Scene/rpgpp_lt_scene_1.0 using Guid(e91874f67ab11ea4f942735266c057e1) Importer(2089858483,192608db42251d675da83286b1cce702) (ScriptedImporter) -> (artifact id: 'a9e66ef8d871eb7149d9173157922296') in 0.0186218 seconds
Number of updated asset objects reloaded before import = 0Number of asset objects unloaded after import = 1

========================================================================
Received Import Request.
  Time since last request: 0.418146 seconds.
  path: Assets/RPGPP_LT/Models/Props/rpgpp_lt_hanger_wood_01.fbx
  artifactKey: Guid(dc53ddfef4a2d414f83c0332e80bfbb6) Importer(2089858483,192608db42251d675da83286b1cce702)
Start importing Assets/RPGPP_LT/Models/Props/rpgpp_lt_hanger_wood_01.fbx using Guid(dc53ddfef4a2d414f83c0332e80bfbb6) Importer(2089858483,192608db42251d675da83286b1cce702) (ScriptedImporter) -> (artifact id: '4bde88406b411cb199a9880d11905693') in 0.0436037 seconds
Number of updated asset objects reloaded before import = 0Number of asset objects unloaded after import = 7

========================================================================
Received Import Request.
  Time since last request: 0.383659 seconds.
  path: Assets/RPGPP_LT/Prefabs/Props/Chairs
  artifactKey: Guid(441e217b814e36b4d88b0d92b15c533d) Importer(2089858483,192608db42251d675da83286b1cce702)
Start importing Assets/RPGPP_LT/Prefabs/Props/Chairs using Guid(441e217b814e36b4d88b0d92b15c533d) Importer(2089858483,192608db42251d675da83286b1cce702) (ScriptedImporter) -> (artifact id: '6699c2a74cfee589671a170e05a436ca') in 0.0208765 seconds
Number of updated asset objects reloaded before import = 0Number of asset objects unloaded after import = 1

========================================================================
Received Import Request.
  Time since last request: 0.412627 seconds.
  path: Assets/RPGPP_LT/Prefabs/Nature/Rocks/rpgpp_lt_rocks_tiny_01.prefab
  artifactKey: Guid(e1154cf6ac27b2f45b4ae35582e7e363) Importer(2089858483,192608db42251d675da83286b1cce702)
Start importing Assets/RPGPP_LT/Prefabs/Nature/Rocks/rpgpp_lt_rocks_tiny_01.prefab using Guid(e1154cf6ac27b2f45b4ae35582e7e363) Importer(2089858483,192608db42251d675da83286b1cce702) (ScriptedImporter) -> (artifact id: '31bf59c4d1e85100d91fe7cb3765f017') in 0.0277112 seconds
Number of updated asset objects reloaded before import = 0Number of asset objects unloaded after import = 8

========================================================================
Received Import Request.
  Time since last request: 0.392780 seconds.
  path: Assets/RPGPP_LT/Models/Props/rpgpp_lt_log_wood_02a.fbx
  artifactKey: Guid(90d758ce348bcf94ea7956e0bafab155) Importer(2089858483,192608db42251d675da83286b1cce702)
Start importing Assets/RPGPP_LT/Models/Props/rpgpp_lt_log_wood_02a.fbx using Guid(90d758ce348bcf94ea7956e0bafab155) Importer(2089858483,192608db42251d675da83286b1cce702) (ScriptedImporter) -> (artifact id: '32540b17cb487f7a4978bb0277ede659') in 0.035229 seconds
Number of updated asset objects reloaded before import = 0Number of asset objects unloaded after import = 7

========================================================================
Received Import Request.
  Time since last request: 0.390386 seconds.
  path: Assets/RPGPP_LT/Prefabs/Nature/Vegetation/Grass
  artifactKey: Guid(8edd0bcc1fb2d1b4ebab6673d1d675c1) Importer(2089858483,192608db42251d675da83286b1cce702)
Start importing Assets/RPGPP_LT/Prefabs/Nature/Vegetation/Grass using Guid(8edd0bcc1fb2d1b4ebab6673d1d675c1) Importer(2089858483,192608db42251d675da83286b1cce702) (ScriptedImporter) -> (artifact id: '82fefae406fd0d126265bd8329f9cf66') in 0.0173368 seconds
Number of updated asset objects reloaded before import = 0Number of asset objects unloaded after import = 1

========================================================================
Received Import Request.
  Time since last request: 0.414637 seconds.
  path: Assets/RPGPP_LT/Prefabs/Props/Shields/rpgpp_lt_shield_wall_01a.prefab
  artifactKey: Guid(37435aefe5da6f74f8b28c81bb4ffad4) Importer(2089858483,192608db42251d675da83286b1cce702)
Start importing Assets/RPGPP_LT/Prefabs/Props/Shields/rpgpp_lt_shield_wall_01a.prefab using Guid(37435aefe5da6f74f8b28c81bb4ffad4) Importer(2089858483,192608db42251d675da83286b1cce702) (ScriptedImporter) -> (artifact id: '87dd4aaf7455c50ce21606a470bb0ee3') in 0.0262085 seconds
Number of updated asset objects reloaded before import = 0Number of asset objects unloaded after import = 8

========================================================================
Received Import Request.
  Time since last request: 0.417270 seconds.
  path: Assets/RPGPP_LT/Models/Nature
  artifactKey: Guid(0411daae2008b22408fa9a2285a99184) Importer(2089858483,192608db42251d675da83286b1cce702)
Start importing Assets/RPGPP_LT/Models/Nature using Guid(0411daae2008b22408fa9a2285a99184) Importer(2089858483,192608db42251d675da83286b1cce702) (ScriptedImporter) -> (artifact id: '008265da79c97df7145c7c6ae8868dba') in 0.0178195 seconds
Number of updated asset objects reloaded before import = 0Number of asset objects unloaded after import = 1

========================================================================
Received Import Request.
  Time since last request: 0.402055 seconds.
  path: Assets/RPGPP_LT/Models/Nature/rpgpp_lt_grass_small_01a.fbx
  artifactKey: Guid(c191cc4231bc1a940986671275027664) Importer(2089858483,192608db42251d675da83286b1cce702)
Start importing Assets/RPGPP_LT/Models/Nature/rpgpp_lt_grass_small_01a.fbx using Guid(c191cc4231bc1a940986671275027664) Importer(2089858483,192608db42251d675da83286b1cce702) (ScriptedImporter) -> (artifact id: '9789bfffe592efe6de21c9e7839be10a') in 0.0373679 seconds
Number of updated asset objects reloaded before import = 0Number of asset objects unloaded after import = 7

========================================================================
Received Import Request.
  Time since last request: 0.386216 seconds.
  path: Assets/RPGPP_LT/Prefabs/Buildings/Bld_closed/rpgpp_lt_building_01.prefab
  artifactKey: Guid(cd87e5026d1695148aabe96121c526ef) Importer(2089858483,192608db42251d675da83286b1cce702)
Start importing Assets/RPGPP_LT/Prefabs/Buildings/Bld_closed/rpgpp_lt_building_01.prefab using Guid(cd87e5026d1695148aabe96121c526ef) Importer(2089858483,192608db42251d675da83286b1cce702) (ScriptedImporter) -> (artifact id: '3402a8ccc3f8b65610ff143f02ec7321') in 0.0271183 seconds
Number of updated asset objects reloaded before import = 0Number of asset objects unloaded after import = 8

========================================================================
Received Import Request.
  Time since last request: 0.402746 seconds.
  path: Assets/RPGPP_LT/Prefabs/Nature/Sky/rpgpp_lt_cloud_01.prefab
  artifactKey: Guid(6fdeb1faa1b42904e9210dd047b256ba) Importer(2089858483,192608db42251d675da83286b1cce702)
Start importing Assets/RPGPP_LT/Prefabs/Nature/Sky/rpgpp_lt_cloud_01.prefab using Guid(6fdeb1faa1b42904e9210dd047b256ba) Importer(2089858483,192608db42251d675da83286b1cce702) (ScriptedImporter) -> (artifact id: '8fe05063d2ff65029be253e8c45b8b6e') in 0.0342299 seconds
Number of updated asset objects reloaded before import = 0Number of asset objects unloaded after import = 8

========================================================================
Received Import Request.
  Time since last request: 0.395155 seconds.
  path: Assets/RPGPP_LT/Prefabs/Nature/Vegetation/Grass/rpgpp_lt_grass_small_01b.prefab
  artifactKey: Guid(e88b7bb02ae149940a5a0cddf34fe370) Importer(2089858483,192608db42251d675da83286b1cce702)
Start importing Assets/RPGPP_LT/Prefabs/Nature/Vegetation/Grass/rpgpp_lt_grass_small_01b.prefab using Guid(e88b7bb02ae149940a5a0cddf34fe370) Importer(2089858483,192608db42251d675da83286b1cce702) (ScriptedImporter) -> (artifact id: 'b4521c7706a1ffb0a23459e93dc2074e') in 0.0393984 seconds
Number of updated asset objects reloaded before import = 0Number of asset objects unloaded after import = 8

========================================================================
Received Import Request.
  Time since last request: 0.390053 seconds.
  path: Assets/RPGPP_LT/Models/Props/rpgpp_lt_chair_01b.fbx
  artifactKey: Guid(c23d7dd34e2d29a42bf0998f5f20de59) Importer(2089858483,192608db42251d675da83286b1cce702)
Start importing Assets/RPGPP_LT/Models/Props/rpgpp_lt_chair_01b.fbx using Guid(c23d7dd34e2d29a42bf0998f5f20de59) Importer(2089858483,192608db42251d675da83286b1cce702) (ScriptedImporter) -> (artifact id: 'a136dae49dc59c4cb16e68288da921c4') in 0.0412089 seconds
Number of updated asset objects reloaded before import = 0Number of asset objects unloaded after import = 7

========================================================================
Received Import Request.
  Time since last request: 0.382364 seconds.
  path: Assets/RPGPP_LT/Models/Exterior/rpgpp_lt_fence_wood_02c.fbx
  artifactKey: Guid(6f0d68cda0edd65408375a439b57c1de) Importer(2089858483,192608db42251d675da83286b1cce702)
Start importing Assets/RPGPP_LT/Models/Exterior/rpgpp_lt_fence_wood_02c.fbx using Guid(6f0d68cda0edd65408375a439b57c1de) Importer(2089858483,192608db42251d675da83286b1cce702) (ScriptedImporter) -> (artifact id: '36e155332c68817baf6fc70496fee05d') in 0.0365541 seconds
Number of updated asset objects reloaded before import = 0Number of asset objects unloaded after import = 7

========================================================================
Received Import Request.
  Time since last request: 0.384227 seconds.
  path: Assets/Samples/XR Interaction Toolkit/3.2.2/Starter Assets/DemoSceneAssets/Prefabs/UI/Scroll UI Sample.prefab
  artifactKey: Guid(0cbc0856f0fb8d84a81be5dea463c369) Importer(2089858483,192608db42251d675da83286b1cce702)
Start importing Assets/Samples/XR Interaction Toolkit/3.2.2/Starter Assets/DemoSceneAssets/Prefabs/UI/Scroll UI Sample.prefab using Guid(0cbc0856f0fb8d84a81be5dea463c369) Importer(2089858483,192608db42251d675da83286b1cce702) (ScriptedImporter) -> (artifact id: '5abc6f52dbcf6fbbafb39f75a124aba4') in 0.058088 seconds
Number of updated asset objects reloaded before import = 0Number of asset objects unloaded after import = 72

========================================================================
Received Import Request.
  Time since last request: 0.000031 seconds.
  path: Assets/RPGPP_LT/Prefabs/Nature/Rocks/rpgpp_lt_rock_01.prefab
  artifactKey: Guid(6fc2010b5899cfd488a0ddf205679e2b) Importer(2089858483,192608db42251d675da83286b1cce702)
Start importing Assets/RPGPP_LT/Prefabs/Nature/Rocks/rpgpp_lt_rock_01.prefab using Guid(6fc2010b5899cfd488a0ddf205679e2b) Importer(2089858483,192608db42251d675da83286b1cce702) (ScriptedImporter) -> (artifact id: 'e0a710c56d16ba144f563c4d7b34912a') in 0.0281136 seconds
Number of updated asset objects reloaded before import = 0Number of asset objects unloaded after import = 8

========================================================================
Received Import Request.
  Time since last request: 0.000029 seconds.
  path: Assets/RPGPP_LT/Models/Props/rpgpp_lt_log_wood_02b.fbx
  artifactKey: Guid(7c9320308dee55a4d9d98f8bf05a8eab) Importer(2089858483,192608db42251d675da83286b1cce702)
Start importing Assets/RPGPP_LT/Models/Props/rpgpp_lt_log_wood_02b.fbx using Guid(7c9320308dee55a4d9d98f8bf05a8eab) Importer(2089858483,192608db42251d675da83286b1cce702) (ScriptedImporter) -> (artifact id: '1d8e58d86ef5450ee7b25e1062a07d58') in 0.0373087 seconds
Number of updated asset objects reloaded before import = 0Number of asset objects unloaded after import = 7

========================================================================
Received Import Request.
  Time since last request: 0.000025 seconds.
  path: Assets/RPGPP_LT/Prefabs/Nature/Terrain/rpgpp_lt_terrain_grass_02.prefab
  artifactKey: Guid(68cbfa1438162b243ac02fb9e3e30581) Importer(2089858483,192608db42251d675da83286b1cce702)
Start importing Assets/RPGPP_LT/Prefabs/Nature/Terrain/rpgpp_lt_terrain_grass_02.prefab using Guid(68cbfa1438162b243ac02fb9e3e30581) Importer(2089858483,192608db42251d675da83286b1cce702) (ScriptedImporter) -> (artifact id: 'b958bfc6ac9554362bfd1865d2393702') in 0.0281219 seconds
Number of updated asset objects reloaded before import = 0Number of asset objects unloaded after import = 8

========================================================================
Received Import Request.
  Time since last request: 0.000027 seconds.
  path: Assets/RPGPP_LT/Prefabs/Nature/Vegetation/Plants/rpgpp_lt_plant_02.prefab
  artifactKey: Guid(e85c18dfba00c9540859ea847782af5b) Importer(2089858483,192608db42251d675da83286b1cce702)
Start importing Assets/RPGPP_LT/Prefabs/Nature/Vegetation/Plants/rpgpp_lt_plant_02.prefab using Guid(e85c18dfba00c9540859ea847782af5b) Importer(2089858483,192608db42251d675da83286b1cce702) (ScriptedImporter) -> (artifact id: '7d00b602cdfe9aa0fff762c61ce52e28') in 0.0277373 seconds
Number of updated asset objects reloaded before import = 0Number of asset objects unloaded after import = 8

========================================================================
Received Import Request.
  Time since last request: 0.000032 seconds.
  path: Assets/RPGPP_LT/Prefabs/Props/Containers/rpgpp_lt_barrel_01.prefab
  artifactKey: Guid(08b7d3dcb8d6b9247b1800cd79905e16) Importer(2089858483,192608db42251d675da83286b1cce702)
Start importing Assets/RPGPP_LT/Prefabs/Props/Containers/rpgpp_lt_barrel_01.prefab using Guid(08b7d3dcb8d6b9247b1800cd79905e16) Importer(2089858483,192608db42251d675da83286b1cce702) (ScriptedImporter) -> (artifact id: '2b4ae97bc65ed8ac7288e4fe28400d4e') in 0.0250258 seconds
Number of updated asset objects reloaded before import = 0Number of asset objects unloaded after import = 8

========================================================================
Received Import Request.
  Time since last request: 0.000025 seconds.
  path: Assets/RPGPP_LT/Models/Nature/rpgpp_lt_tree_pine_01.fbx
  artifactKey: Guid(58c79ebc04f48c74fa4869c3f7d941fd) Importer(2089858483,192608db42251d675da83286b1cce702)
Start importing Assets/RPGPP_LT/Models/Nature/rpgpp_lt_tree_pine_01.fbx using Guid(58c79ebc04f48c74fa4869c3f7d941fd) Importer(2089858483,192608db42251d675da83286b1cce702) (ScriptedImporter) -> (artifact id: '444172bdc531929d018bbfaf75b2cfd7') in 0.0331586 seconds
Number of updated asset objects reloaded before import = 0Number of asset objects unloaded after import = 7

========================================================================
Received Import Request.
  Time since last request: 0.000025 seconds.
  path: Assets/RPGPP_LT/Models/Props/rpgpp_lt_hanger_clothes_01.fbx
  artifactKey: Guid(30c389f0d35cc414d9e841ff82ce1424) Importer(2089858483,192608db42251d675da83286b1cce702)
Start importing Assets/RPGPP_LT/Models/Props/rpgpp_lt_hanger_clothes_01.fbx using Guid(30c389f0d35cc414d9e841ff82ce1424) Importer(2089858483,192608db42251d675da83286b1cce702) (ScriptedImporter) -> (artifact id: '87d8f1a7c40485c4733be8ad6c521c87') in 0.0332565 seconds
Number of updated asset objects reloaded before import = 0Number of asset objects unloaded after import = 7

========================================================================
Received Import Request.
  Time since last request: 0.000047 seconds.
  path: Assets/RPGPP_LT/Models/Structures/rpgpp_lt_building_01.fbx
  artifactKey: Guid(af5390e2a0373984db3740f21c0ec034) Importer(2089858483,192608db42251d675da83286b1cce702)
Start importing Assets/RPGPP_LT/Models/Structures/rpgpp_lt_building_01.fbx using Guid(af5390e2a0373984db3740f21c0ec034) Importer(2089858483,192608db42251d675da83286b1cce702) (ScriptedImporter) -> (artifact id: '1a06d6b8808b564b5110244504467a81') in 0.0334865 seconds
Number of updated asset objects reloaded before import = 0Number of asset objects unloaded after import = 7

========================================================================
Received Import Request.
  Time since last request: 0.000021 seconds.
  path: Assets/RPGPP_LT/Prefabs/Props/Benches/rpgpp_lt_bench_wood_02.prefab
  artifactKey: Guid(0b4e174fd778c74418d2b3a6e66f0822) Importer(2089858483,192608db42251d675da83286b1cce702)
Start importing Assets/RPGPP_LT/Prefabs/Props/Benches/rpgpp_lt_bench_wood_02.prefab using Guid(0b4e174fd778c74418d2b3a6e66f0822) Importer(2089858483,192608db42251d675da83286b1cce702) (ScriptedImporter) -> (artifact id: '3ce696200c3179b4e95c2b34d5c9ba73') in 0.0273441 seconds
Number of updated asset objects reloaded before import = 0Number of asset objects unloaded after import = 14

========================================================================
Received Import Request.
  Time since last request: 0.000022 seconds.
  path: Assets/RPGPP_LT/Models/Props/rpgpp_lt_bowl_metal_01.fbx
  artifactKey: Guid(09cc238bd856b5d468789a6d2d0f48ed) Importer(2089858483,192608db42251d675da83286b1cce702)
Start importing Assets/RPGPP_LT/Models/Props/rpgpp_lt_bowl_metal_01.fbx using Guid(09cc238bd856b5d468789a6d2d0f48ed) Importer(2089858483,192608db42251d675da83286b1cce702) (ScriptedImporter) -> (artifact id: '77eef3e119d1369e8ce555bc1fec1a5f') in 0.0464079 seconds
Number of updated asset objects reloaded before import = 0Number of asset objects unloaded after import = 7

========================================================================
Received Import Request.
  Time since last request: 0.000032 seconds.
  path: Assets/RPGPP_LT/Models/Props/rpgpp_lt_sack_02_set.fbx
  artifactKey: Guid(22277f9c8cc710f40b993b2eb44a0126) Importer(2089858483,192608db42251d675da83286b1cce702)
Start importing Assets/RPGPP_LT/Models/Props/rpgpp_lt_sack_02_set.fbx using Guid(22277f9c8cc710f40b993b2eb44a0126) Importer(2089858483,192608db42251d675da83286b1cce702) (ScriptedImporter) -> (artifact id: '2124d5c03986f3231df83db6cf21449e') in 0.0361409 seconds
Number of updated asset objects reloaded before import = 0Number of asset objects unloaded after import = 7

========================================================================
Received Import Request.
  Time since last request: 0.000025 seconds.
  path: Assets/RPGPP_LT/Models/Nature/rpgpp_lt_cloud_02.fbx
  artifactKey: Guid(4432020e36e26f946a400515834f11b7) Importer(2089858483,192608db42251d675da83286b1cce702)
Start importing Assets/RPGPP_LT/Models/Nature/rpgpp_lt_cloud_02.fbx using Guid(4432020e36e26f946a400515834f11b7) Importer(2089858483,192608db42251d675da83286b1cce702) (ScriptedImporter) -> (artifact id: '64ff788f097b5f08bb9669529e534f36') in 0.0330535 seconds
Number of updated asset objects reloaded before import = 0Number of asset objects unloaded after import = 7

========================================================================
Received Import Request.
  Time since last request: 0.000024 seconds.
  path: Assets/RPGPP_LT/Materials/rpgpp_lt_cloud_a.mat
  artifactKey: Guid(434bfd6528d84e643ade0d2cd5c6fe1b) Importer(2089858483,192608db42251d675da83286b1cce702)
Start importing Assets/RPGPP_LT/Materials/rpgpp_lt_cloud_a.mat using Guid(434bfd6528d84e643ade0d2cd5c6fe1b) Importer(2089858483,192608db42251d675da83286b1cce702) (ScriptedImporter) -> (artifact id: '459470d0e61ec66714959047ad5a4753') in 0.0211018 seconds
Number of updated asset objects reloaded before import = 0Number of asset objects unloaded after import = 1

========================================================================
Received Import Request.
  Time since last request: 0.000060 seconds.
  path: Assets/RPGPP_LT/Models/Props/rpgpp_lt_table_01.fbx
  artifactKey: Guid(16c4b1c9bf28bc44eab122106a0e4864) Importer(2089858483,192608db42251d675da83286b1cce702)
Start importing Assets/RPGPP_LT/Models/Props/rpgpp_lt_table_01.fbx using Guid(16c4b1c9bf28bc44eab122106a0e4864) Importer(2089858483,192608db42251d675da83286b1cce702) (ScriptedImporter) -> (artifact id: '54c892e9ee0f9d4bdec3203878e58e34') in 0.032394 seconds
Number of updated asset objects reloaded before import = 0Number of asset objects unloaded after import = 7

========================================================================
Received Import Request.
  Time since last request: 0.000023 seconds.
  path: Assets/RPGPP_LT/Models/Props/rpgpp_lt_shield_wall_01a.fbx
  artifactKey: Guid(6db1e633533718d49bd0b8329bc37412) Importer(2089858483,192608db42251d675da83286b1cce702)
Start importing Assets/RPGPP_LT/Models/Props/rpgpp_lt_shield_wall_01a.fbx using Guid(6db1e633533718d49bd0b8329bc37412) Importer(2089858483,192608db42251d675da83286b1cce702) (ScriptedImporter) -> (artifact id: '2c011c98c97ad1a2a68c5b280a12e748') in 0.0355224 seconds
Number of updated asset objects reloaded before import = 0Number of asset objects unloaded after import = 7

========================================================================
Received Import Request.
  Time since last request: 0.000025 seconds.
  path: Assets/RPGPP_LT/Prefabs/Props/Containers/rpgpp_lt_crate_02.prefab
  artifactKey: Guid(762c7ce7ac5a7b84390c6e08365bfa8f) Importer(2089858483,192608db42251d675da83286b1cce702)
Start importing Assets/RPGPP_LT/Prefabs/Props/Containers/rpgpp_lt_crate_02.prefab using Guid(762c7ce7ac5a7b84390c6e08365bfa8f) Importer(2089858483,192608db42251d675da83286b1cce702) (ScriptedImporter) -> (artifact id: 'ddd91a99c196c1c8b23ee55e26968a97') in 0.0256839 seconds
Number of updated asset objects reloaded before import = 0Number of asset objects unloaded after import = 14

========================================================================
Received Import Request.
  Time since last request: 0.000032 seconds.
  path: Assets/RPGPP_LT/Models/Props/rpgpp_lt_jug_01.fbx
  artifactKey: Guid(d68abfcba378a4f46847fa7f406b6ba6) Importer(2089858483,192608db42251d675da83286b1cce702)
Start importing Assets/RPGPP_LT/Models/Props/rpgpp_lt_jug_01.fbx using Guid(d68abfcba378a4f46847fa7f406b6ba6) Importer(2089858483,192608db42251d675da83286b1cce702) (ScriptedImporter) -> (artifact id: '4293d3ada4cc19ae6bf9d29f4becad5b') in 0.0398138 seconds
Number of updated asset objects reloaded before import = 0Number of asset objects unloaded after import = 7

========================================================================
Received Import Request.
  Time since last request: 0.000023 seconds.
  path: Assets/RPGPP_LT/Models/Props/rpgpp_lt_sack_01.fbx
  artifactKey: Guid(8f07894e139232f4fb48b79133ad05fa) Importer(2089858483,192608db42251d675da83286b1cce702)
Start importing Assets/RPGPP_LT/Models/Props/rpgpp_lt_sack_01.fbx using Guid(8f07894e139232f4fb48b79133ad05fa) Importer(2089858483,192608db42251d675da83286b1cce702) (ScriptedImporter) -> (artifact id: '8a6e935f33d1f00355c502fd747233eb') in 0.039283 seconds
Number of updated asset objects reloaded before import = 0Number of asset objects unloaded after import = 7

========================================================================
Received Import Request.
  Time since last request: 0.000026 seconds.
  path: Assets/RPGPP_LT/Models/Nature/rpgpp_lt_plant_01.fbx
  artifactKey: Guid(82188904581423c4a9ed3fbf3286ccdd) Importer(2089858483,192608db42251d675da83286b1cce702)
Start importing Assets/RPGPP_LT/Models/Nature/rpgpp_lt_plant_01.fbx using Guid(82188904581423c4a9ed3fbf3286ccdd) Importer(2089858483,192608db42251d675da83286b1cce702) (ScriptedImporter) -> (artifact id: 'ef3844cab2c04b467d8d740c0ff6d308') in 0.0323345 seconds
Number of updated asset objects reloaded before import = 0Number of asset objects unloaded after import = 7

========================================================================
Received Import Request.
  Time since last request: 0.000034 seconds.
  path: Assets/RPGPP_LT/Prefabs/Nature/Vegetation/Grass/rpgpp_lt_grass_small_01a.prefab
  artifactKey: Guid(00e2e59cbc04eab4a982218df54ce70b) Importer(2089858483,192608db42251d675da83286b1cce702)
Start importing Assets/RPGPP_LT/Prefabs/Nature/Vegetation/Grass/rpgpp_lt_grass_small_01a.prefab using Guid(00e2e59cbc04eab4a982218df54ce70b) Importer(2089858483,192608db42251d675da83286b1cce702) (ScriptedImporter) -> (artifact id: '26521036fdf447778ed1032889e9e450') in 0.0266435 seconds
Number of updated asset objects reloaded before import = 0Number of asset objects unloaded after import = 8

========================================================================
Received Import Request.
  Time since last request: 0.000030 seconds.
  path: Assets/RPGPP_LT/Models/Structures/rpgpp_lt_building_03.fbx
  artifactKey: Guid(52eeab1f0ce4d934591972b6df5d179b) Importer(2089858483,192608db42251d675da83286b1cce702)
Start importing Assets/RPGPP_LT/Models/Structures/rpgpp_lt_building_03.fbx using Guid(52eeab1f0ce4d934591972b6df5d179b) Importer(2089858483,192608db42251d675da83286b1cce702) (ScriptedImporter) -> (artifact id: '3a11392e3a5a330d71cbdd7931e8dc3d') in 0.0335443 seconds
Number of updated asset objects reloaded before import = 0Number of asset objects unloaded after import = 7

========================================================================
Received Import Request.
  Time since last request: 0.000029 seconds.
  path: Assets/RPGPP_LT/Models/Nature/rpgpp_lt_bush_02.fbx
  artifactKey: Guid(d4997bb047d8fbb458f4d63b2322ebdc) Importer(2089858483,192608db42251d675da83286b1cce702)
Start importing Assets/RPGPP_LT/Models/Nature/rpgpp_lt_bush_02.fbx using Guid(d4997bb047d8fbb458f4d63b2322ebdc) Importer(2089858483,192608db42251d675da83286b1cce702) (ScriptedImporter) -> (artifact id: 'ff0873f054ef38f38afe10f02ddf73c9') in 0.0343917 seconds
Number of updated asset objects reloaded before import = 0Number of asset objects unloaded after import = 7

========================================================================
Received Import Request.
  Time since last request: 0.000042 seconds.
  path: Assets/Samples/XR Interaction Toolkit/3.2.2/Starter Assets/DemoSceneAssets/Prefabs/UI Sample.prefab
  artifactKey: Guid(fd28f23af44f73f4a95e33435872ad15) Importer(2089858483,192608db42251d675da83286b1cce702)
Start importing Assets/Samples/XR Interaction Toolkit/3.2.2/Starter Assets/DemoSceneAssets/Prefabs/UI Sample.prefab using Guid(fd28f23af44f73f4a95e33435872ad15) Importer(2089858483,192608db42251d675da83286b1cce702) (ScriptedImporter) -> (artifact id: 'bcd279e10094dda0d75823c734dde82b') in 0.0747915 seconds
Number of updated asset objects reloaded before import = 0Number of asset objects unloaded after import = 309

========================================================================
Received Import Request.
  Time since last request: 0.000024 seconds.
  path: Assets/RPGPP_LT/Models/Nature/rpgpp_lt_bush_01.fbx
  artifactKey: Guid(d28a5d39d87b52c49824501fac8b689c) Importer(2089858483,192608db42251d675da83286b1cce702)
Start importing Assets/RPGPP_LT/Models/Nature/rpgpp_lt_bush_01.fbx using Guid(d28a5d39d87b52c49824501fac8b689c) Importer(2089858483,192608db42251d675da83286b1cce702) (ScriptedImporter) -> (artifact id: 'b4f55fa27d621e8f94446c10bbbbc29a') in 0.04856 seconds
Number of updated asset objects reloaded before import = 0Number of asset objects unloaded after import = 7

========================================================================
Received Import Request.
  Time since last request: 0.000032 seconds.
  path: Assets/RPGPP_LT/Models/Props/rpgpp_lt_crate_01.fbx
  artifactKey: Guid(c10249f44e64d6f41ac0d5083805dba2) Importer(2089858483,192608db42251d675da83286b1cce702)
Start importing Assets/RPGPP_LT/Models/Props/rpgpp_lt_crate_01.fbx using Guid(c10249f44e64d6f41ac0d5083805dba2) Importer(2089858483,192608db42251d675da83286b1cce702) (ScriptedImporter) -> (artifact id: '15c2cd11a0e9f320d18fe0b0deb2a0a3') in 0.0407817 seconds
Number of updated asset objects reloaded before import = 0Number of asset objects unloaded after import = 7

========================================================================
Received Import Request.
  Time since last request: 0.000031 seconds.
  path: Assets/RPGPP_LT/Models/Props/rpgpp_lt_hanger_wood_02.fbx
  artifactKey: Guid(b11f35bc7fb4a7a47a62efb432c181d6) Importer(2089858483,192608db42251d675da83286b1cce702)
Start importing Assets/RPGPP_LT/Models/Props/rpgpp_lt_hanger_wood_02.fbx using Guid(b11f35bc7fb4a7a47a62efb432c181d6) Importer(2089858483,192608db42251d675da83286b1cce702) (ScriptedImporter) -> (artifact id: 'e5359dccf9cc903b20174315f654d017') in 0.0403409 seconds
Number of updated asset objects reloaded before import = 0Number of asset objects unloaded after import = 7

========================================================================
Received Import Request.
  Time since last request: 0.000031 seconds.
  path: Assets/RPGPP_LT/Prefabs/Exterior/Wood_path/rpgpp_lt_shed_wood_02.prefab
  artifactKey: Guid(6418d716efd18644baaa378ae90687e9) Importer(2089858483,192608db42251d675da83286b1cce702)
Start importing Assets/RPGPP_LT/Prefabs/Exterior/Wood_path/rpgpp_lt_shed_wood_02.prefab using Guid(6418d716efd18644baaa378ae90687e9) Importer(2089858483,192608db42251d675da83286b1cce702) (ScriptedImporter) -> (artifact id: 'df56ee518edb4b554a276edbef955646') in 0.032453 seconds
Number of updated asset objects reloaded before import = 0Number of asset objects unloaded after import = 14

========================================================================
Received Import Request.
  Time since last request: 0.000030 seconds.
  path: Assets/RPGPP_LT/Models/Nature/rpgpp_lt_terrain_path_01b.fbx
  artifactKey: Guid(70fbff8150321794f8532fef4f4d7c98) Importer(2089858483,192608db42251d675da83286b1cce702)
Start importing Assets/RPGPP_LT/Models/Nature/rpgpp_lt_terrain_path_01b.fbx using Guid(70fbff8150321794f8532fef4f4d7c98) Importer(2089858483,192608db42251d675da83286b1cce702) (ScriptedImporter) -> (artifact id: 'ea6c4c0980a88052b0f293f8e33581d5') in 0.038902 seconds
Number of updated asset objects reloaded before import = 0Number of asset objects unloaded after import = 7

========================================================================
Received Import Request.
  Time since last request: 0.000031 seconds.
  path: Assets/RPGPP_LT/Prefabs/Props/Misc/rpgpp_lt_stones_01.prefab
  artifactKey: Guid(71664e096e30ad2478110359d066f361) Importer(2089858483,192608db42251d675da83286b1cce702)
Start importing Assets/RPGPP_LT/Prefabs/Props/Misc/rpgpp_lt_stones_01.prefab using Guid(71664e096e30ad2478110359d066f361) Importer(2089858483,192608db42251d675da83286b1cce702) (ScriptedImporter) -> (artifact id: '94b87b9fd4ab372841d665ed824aadb9') in 0.0261517 seconds
Number of updated asset objects reloaded before import = 0Number of asset objects unloaded after import = 14

========================================================================
Received Import Request.
  Time since last request: 0.000034 seconds.
  path: Assets/RPGPP_LT/Prefabs/Exterior/Wood_path/rpgpp_lt_fence_wood_01_corner_a.prefab
  artifactKey: Guid(fecf8ad42b0da5e45876d72dad6592f4) Importer(2089858483,192608db42251d675da83286b1cce702)
Start importing Assets/RPGPP_LT/Prefabs/Exterior/Wood_path/rpgpp_lt_fence_wood_01_corner_a.prefab using Guid(fecf8ad42b0da5e45876d72dad6592f4) Importer(2089858483,192608db42251d675da83286b1cce702) (ScriptedImporter) -> (artifact id: '8284eea848dc2ce18771fbbc8a087dc3') in 0.0281545 seconds
Number of updated asset objects reloaded before import = 0Number of asset objects unloaded after import = 14

========================================================================
Received Import Request.
  Time since last request: 0.000031 seconds.
  path: Assets/RPGPP_LT/Models/Props/rpgpp_lt_package_01.fbx
  artifactKey: Guid(4a9eb490516647a4d8765165bfb9cf47) Importer(2089858483,192608db42251d675da83286b1cce702)
Start importing Assets/RPGPP_LT/Models/Props/rpgpp_lt_package_01.fbx using Guid(4a9eb490516647a4d8765165bfb9cf47) Importer(2089858483,192608db42251d675da83286b1cce702) (ScriptedImporter) -> (artifact id: 'bc632001cf197272b934618f5a99efb3') in 0.040938 seconds
Number of updated asset objects reloaded before import = 0Number of asset objects unloaded after import = 7

========================================================================
Received Import Request.
  Time since last request: 0.000042 seconds.
  path: Assets/RPGPP_LT/Models/Props/rpgpp_lt_ladder_01.fbx
  artifactKey: Guid(5a5a8e9d7228e204a91c0fb79c12479b) Importer(2089858483,192608db42251d675da83286b1cce702)
Start importing Assets/RPGPP_LT/Models/Props/rpgpp_lt_ladder_01.fbx using Guid(5a5a8e9d7228e204a91c0fb79c12479b) Importer(2089858483,192608db42251d675da83286b1cce702) (ScriptedImporter) -> (artifact id: '993a98069f8bc7bf436b94c8446c2996') in 0.0319102 seconds
Number of updated asset objects reloaded before import = 0Number of asset objects unloaded after import = 7

========================================================================
Received Import Request.
  Time since last request: 0.000029 seconds.
  path: Assets/RPGPP_LT/Prefabs/Props/Misc/rpgpp_lt_well_01.prefab
  artifactKey: Guid(4500da6a464da55408dd1ff2324163a7) Importer(2089858483,192608db42251d675da83286b1cce702)
Start importing Assets/RPGPP_LT/Prefabs/Props/Misc/rpgpp_lt_well_01.prefab using Guid(4500da6a464da55408dd1ff2324163a7) Importer(2089858483,192608db42251d675da83286b1cce702) (ScriptedImporter) -> (artifact id: '7895d1867303c38ccbcbb7345ecd0fd1') in 0.028848 seconds
Number of updated asset objects reloaded before import = 0Number of asset objects unloaded after import = 8

========================================================================
Received Import Request.
  Time since last request: 0.000030 seconds.
  path: Assets/RPGPP_LT/Models/Nature/rpgpp_lt_tree_02.fbx
  artifactKey: Guid(7dca68918011bd644a4dc268eea79b44) Importer(2089858483,192608db42251d675da83286b1cce702)
Start importing Assets/RPGPP_LT/Models/Nature/rpgpp_lt_tree_02.fbx using Guid(7dca68918011bd644a4dc268eea79b44) Importer(2089858483,192608db42251d675da83286b1cce702) (ScriptedImporter) -> (artifact id: '7286b170bd9cdbc7ef2fbde4bc24ac02') in 0.0397045 seconds
Number of updated asset objects reloaded before import = 0Number of asset objects unloaded after import = 7

========================================================================
Received Import Request.
  Time since last request: 0.000042 seconds.
  path: Assets/RPGPP_LT/Models/Props/rpgpp_lt_banner_01a.fbx
  artifactKey: Guid(d7113c6e2a0f65c4abdb33666078052f) Importer(2089858483,192608db42251d675da83286b1cce702)
Start importing Assets/RPGPP_LT/Models/Props/rpgpp_lt_banner_01a.fbx using Guid(d7113c6e2a0f65c4abdb33666078052f) Importer(2089858483,192608db42251d675da83286b1cce702) (ScriptedImporter) -> (artifact id: '5e2f39331735da51e6ee280fe510553c') in 0.0354073 seconds
Number of updated asset objects reloaded before import = 0Number of asset objects unloaded after import = 7

========================================================================
Received Import Request.
  Time since last request: 0.000028 seconds.
  path: Assets/RPGPP_LT/Textures/rpgpp_lt_tex_a.tga
  artifactKey: Guid(0bb174f69c9851a48b09bf7d8180c39e) Importer(2089858483,192608db42251d675da83286b1cce702)
Start importing Assets/RPGPP_LT/Textures/rpgpp_lt_tex_a.tga using Guid(0bb174f69c9851a48b09bf7d8180c39e) Importer(2089858483,192608db42251d675da83286b1cce702) (ScriptedImporter)[Licensing::Client] Successfully resolved entitlement details
 -> (artifact id: 'cf7dd806ae0fbaa26da0b7539aaf9af6') in 0.1056411 seconds
Number of updated asset objects reloaded before import = 0Number of asset objects unloaded after import = 1

========================================================================
Received Import Request.
  Time since last request: 0.000026 seconds.
  path: Assets/RPGPP_LT/Models/Props/rpgpp_lt_bucket_01.fbx
  artifactKey: Guid(e978333221b12f44ba9099ca8d181f25) Importer(2089858483,192608db42251d675da83286b1cce702)
Start importing Assets/RPGPP_LT/Models/Props/rpgpp_lt_bucket_01.fbx using Guid(e978333221b12f44ba9099ca8d181f25) Importer(2089858483,192608db42251d675da83286b1cce702) (ScriptedImporter) -> (artifact id: 'd4a84a2b9d00e39753de66a425c8d82a') in 0.0358622 seconds
Number of updated asset objects reloaded before import = 0Number of asset objects unloaded after import = 7

========================================================================
Received Import Request.
  Time since last request: 0.000035 seconds.
  path: Assets/RPGPP_LT/Models/Props/rpgpp_lt_bench_wood_01.fbx
  artifactKey: Guid(6bc5a23d8cb251f40b96a1fbf4ddb4fc) Importer(2089858483,192608db42251d675da83286b1cce702)
Start importing Assets/RPGPP_LT/Models/Props/rpgpp_lt_bench_wood_01.fbx using Guid(6bc5a23d8cb251f40b96a1fbf4ddb4fc) Importer(2089858483,192608db42251d675da83286b1cce702) (ScriptedImporter) -> (artifact id: 'e780d20e36e0fbf6ffa446572de6878f') in 0.0383086 seconds
Number of updated asset objects reloaded before import = 0Number of asset objects unloaded after import = 7

========================================================================
Received Import Request.
  Time since last request: 0.000058 seconds.
  path: Assets/RPGPP_LT/Models/Props/rpgpp_lt_banner_01b.fbx
  artifactKey: Guid(dc3de67326229ab459a1320acc34b8ea) Importer(2089858483,192608db42251d675da83286b1cce702)
Start importing Assets/RPGPP_LT/Models/Props/rpgpp_lt_banner_01b.fbx using Guid(dc3de67326229ab459a1320acc34b8ea) Importer(2089858483,192608db42251d675da83286b1cce702) (ScriptedImporter) -> (artifact id: 'b6b9d711103bef90c5f554797c4deb99') in 0.0348199 seconds
Number of updated asset objects reloaded before import = 0Number of asset objects unloaded after import = 7

========================================================================
Received Import Request.
  Time since last request: 0.000030 seconds.
  path: Assets/RPGPP_LT/Models/Nature/rpgpp_lt_rock_02.fbx
  artifactKey: Guid(d1fd41beb70267947bc1c996df07593d) Importer(2089858483,192608db42251d675da83286b1cce702)
Start importing Assets/RPGPP_LT/Models/Nature/rpgpp_lt_rock_02.fbx using Guid(d1fd41beb70267947bc1c996df07593d) Importer(2089858483,192608db42251d675da83286b1cce702) (ScriptedImporter) -> (artifact id: 'f47abcf6f21cef68f4c727d52cb3cafc') in 0.0437562 seconds
Number of updated asset objects reloaded before import = 0Number of asset objects unloaded after import = 7

========================================================================
Received Import Request.
  Time since last request: 0.000040 seconds.
  path: Assets/RPGPP_LT/Models/Structures/rpgpp_lt_building_05.fbx
  artifactKey: Guid(7d1c542ac0453aa40a248ffb042193c2) Importer(2089858483,192608db42251d675da83286b1cce702)
Start importing Assets/RPGPP_LT/Models/Structures/rpgpp_lt_building_05.fbx using Guid(7d1c542ac0453aa40a248ffb042193c2) Importer(2089858483,192608db42251d675da83286b1cce702) (ScriptedImporter) -> (artifact id: 'e3114d7fbd3233c698ec894ce46aa217') in 0.0362311 seconds
Number of updated asset objects reloaded before import = 0Number of asset objects unloaded after import = 7

========================================================================
Received Import Request.
  Time since last request: 0.000026 seconds.
  path: Assets/RPGPP_LT/Textures/rpgpp_lt_sky_a.tga
  artifactKey: Guid(5c4fa0e44769f8f46a06d96031e56a4e) Importer(2089858483,192608db42251d675da83286b1cce702)
Start importing Assets/RPGPP_LT/Textures/rpgpp_lt_sky_a.tga using Guid(5c4fa0e44769f8f46a06d96031e56a4e) Importer(2089858483,192608db42251d675da83286b1cce702) (ScriptedImporter) -> (artifact id: '18d6d52a67e1affb29757fe3f6d274c3') in 0.033649 seconds
Number of updated asset objects reloaded before import = 0Number of asset objects unloaded after import = 1

========================================================================
Received Import Request.
  Time since last request: 377.387600 seconds.
  path: Assets/Samples/XR Interaction Toolkit/3.2.2/Starter Assets/DemoSceneAssets/Models/Primitive_Blaster_Long.fbx
  artifactKey: Guid(e51d3dbfe79e4c646bb30424a11f23a0) Importer(815301076,1909f56bfc062723c751e8b465ee728b)
Start importing Assets/Samples/XR Interaction Toolkit/3.2.2/Starter Assets/DemoSceneAssets/Models/Primitive_Blaster_Long.fbx using Guid(e51d3dbfe79e4c646bb30424a11f23a0) Importer(815301076,1909f56bfc062723c751e8b465ee728b) (PreviewImporter) -> (artifact id: '332faeb3bb8acbb653f9c44abfefcb8d') in 12.4764754 seconds
Number of updated asset objects reloaded before import = 0Number of asset objects unloaded after import = 15

========================================================================
Received Import Request.
  Time since last request: 0.000057 seconds.
  path: Assets/RPGPP_LT/Models/Props/rpgpp_lt_bench_wood_01.fbx
  artifactKey: Guid(6bc5a23d8cb251f40b96a1fbf4ddb4fc) Importer(815301076,1909f56bfc062723c751e8b465ee728b)
Start importing Assets/RPGPP_LT/Models/Props/rpgpp_lt_bench_wood_01.fbx using Guid(6bc5a23d8cb251f40b96a1fbf4ddb4fc) Importer(815301076,1909f56bfc062723c751e8b465ee728b) (PreviewImporter) -> (artifact id: '3c7ffc0061a7a843aad7dc3e45371d3c') in 0.0585779 seconds
Number of updated asset objects reloaded before import = 0Number of asset objects unloaded after import = 7

========================================================================
Received Import Request.
  Time since last request: 0.000072 seconds.
  path: Assets/RPGPP_LT/Models/Exterior/rpgpp_lt_fence_wood_02b.fbx
  artifactKey: Guid(731e60b794521da4cb7cf6f0b1819ce5) Importer(815301076,1909f56bfc062723c751e8b465ee728b)
Start importing Assets/RPGPP_LT/Models/Exterior/rpgpp_lt_fence_wood_02b.fbx using Guid(731e60b794521da4cb7cf6f0b1819ce5) Importer(815301076,1909f56bfc062723c751e8b465ee728b) (PreviewImporter) -> (artifact id: '82c2e691d0051a548c0da5c6616b7bac') in 0.0621243 seconds
Number of updated asset objects reloaded before import = 0Number of asset objects unloaded after import = 7

========================================================================
Received Import Request.
  Time since last request: 0.000090 seconds.
  path: Assets/RPGPP_LT/Models/Nature/rpgpp_lt_mountain_01.fbx
  artifactKey: Guid(9d123ff5b15c0bd4fbd33779e2acdbd9) Importer(815301076,1909f56bfc062723c751e8b465ee728b)
Start importing Assets/RPGPP_LT/Models/Nature/rpgpp_lt_mountain_01.fbx using Guid(9d123ff5b15c0bd4fbd33779e2acdbd9) Importer(815301076,1909f56bfc062723c751e8b465ee728b) (PreviewImporter) -> (artifact id: '51c1ef42a26b55339cec20b64318819a') in 0.0828708 seconds
Number of updated asset objects reloaded before import = 0Number of asset objects unloaded after import = 7

========================================================================
Received Import Request.
  Time since last request: 0.000144 seconds.
  path: Assets/Outsourced Assets/Gun Model/olympia_export.fbx
  artifactKey: Guid(e64d9b3269cacac4ebaff7ca6918cddd) Importer(815301076,1909f56bfc062723c751e8b465ee728b)
Start importing Assets/Outsourced Assets/Gun Model/olympia_export.fbx using Guid(e64d9b3269cacac4ebaff7ca6918cddd) Importer(815301076,1909f56bfc062723c751e8b465ee728b) (PreviewImporter) -> (artifact id: 'c080814fa3e2b0061e87d7037e746ef8') in 1.5556517 seconds
Number of updated asset objects reloaded before import = 0Number of asset objects unloaded after import = 25

========================================================================
Received Import Request.
  Time since last request: 0.000042 seconds.
  path: Assets/RPGPP_LT/Models/Props/rpgpp_lt_sack_02.fbx
  artifactKey: Guid(ff32ccf17fc024e46a367e3318caf931) Importer(815301076,1909f56bfc062723c751e8b465ee728b)
Start importing Assets/RPGPP_LT/Models/Props/rpgpp_lt_sack_02.fbx using Guid(ff32ccf17fc024e46a367e3318caf931) Importer(815301076,1909f56bfc062723c751e8b465ee728b) (PreviewImporter) -> (artifact id: '89707963c3c8487bf8964d0c8bc91592') in 0.1160109 seconds
Number of updated asset objects reloaded before import = 0Number of asset objects unloaded after import = 7

========================================================================
Received Import Request.
  Time since last request: 0.000229 seconds.
  path: Assets/RPGPP_LT/Models/Props/rpgpp_lt_log_wood_01.fbx
  artifactKey: Guid(83ca3216726525148a325296526fcfa7) Importer(815301076,1909f56bfc062723c751e8b465ee728b)
Start importing Assets/RPGPP_LT/Models/Props/rpgpp_lt_log_wood_01.fbx using Guid(83ca3216726525148a325296526fcfa7) Importer(815301076,1909f56bfc062723c751e8b465ee728b) (PreviewImporter) -> (artifact id: '7265ed8bc33ed7fb7222b5e4ac2bf85b') in 0.0808635 seconds
Number of updated asset objects reloaded before import = 0Number of asset objects unloaded after import = 7

========================================================================
Received Import Request.
  Time since last request: 0.000035 seconds.
  path: Assets/Samples/XR Interaction Toolkit/3.2.2/Starter Assets/Models/UniversalController.fbx
  artifactKey: Guid(147ae308eec018b40a7b312ae58f44c7) Importer(815301076,1909f56bfc062723c751e8b465ee728b)
Start importing Assets/Samples/XR Interaction Toolkit/3.2.2/Starter Assets/Models/UniversalController.fbx using Guid(147ae308eec018b40a7b312ae58f44c7) Importer(815301076,1909f56bfc062723c751e8b465ee728b) (PreviewImporter) -> (artifact id: 'c19b7691a47a74af51af72d53736b08c') in 0.6798035 seconds
Number of updated asset objects reloaded before import = 0Number of asset objects unloaded after import = 54

========================================================================
Received Import Request.
  Time since last request: 0.000053 seconds.
  path: Assets/RPGPP_LT/Models/Props/rpgpp_lt_box_wood_01.fbx
  artifactKey: Guid(ab945ff7c1d59bb4a8b506cb8c7dafcd) Importer(815301076,1909f56bfc062723c751e8b465ee728b)
Start importing Assets/RPGPP_LT/Models/Props/rpgpp_lt_box_wood_01.fbx using Guid(ab945ff7c1d59bb4a8b506cb8c7dafcd) Importer(815301076,1909f56bfc062723c751e8b465ee728b) (PreviewImporter) -> (artifact id: 'efb4cb77ea2cc8e9977e43398f3986eb') in 0.0644379 seconds
Number of updated asset objects reloaded before import = 0Number of asset objects unloaded after import = 7

========================================================================
Received Import Request.
  Time since last request: 0.000095 seconds.
  path: Assets/Samples/XR Hands/1.7.2/HandVisualizer/Models/LeftHand.fbx
  artifactKey: Guid(bf7151579c38e2a44be94ba8773876c1) Importer(815301076,1909f56bfc062723c751e8b465ee728b)
Start importing Assets/Samples/XR Hands/1.7.2/HandVisualizer/Models/LeftHand.fbx using Guid(bf7151579c38e2a44be94ba8773876c1) Importer(815301076,1909f56bfc062723c751e8b465ee728b) (PreviewImporter) -> (artifact id: '70b08048764df554b22dff2ff460bee6') in 0.0792254 seconds
Number of updated asset objects reloaded before import = 0Number of asset objects unloaded after import = 60

========================================================================
Received Import Request.
  Time since last request: 0.000083 seconds.
  path: Assets/RPGPP_LT/Models/Nature/rpgpp_lt_grass_small_01a.fbx
  artifactKey: Guid(c191cc4231bc1a940986671275027664) Importer(815301076,1909f56bfc062723c751e8b465ee728b)
Start importing Assets/RPGPP_LT/Models/Nature/rpgpp_lt_grass_small_01a.fbx using Guid(c191cc4231bc1a940986671275027664) Importer(815301076,1909f56bfc062723c751e8b465ee728b) (PreviewImporter) -> (artifact id: '8949134cffacb58984b1d4c6b9b12e1a') in 0.0391292 seconds
Number of updated asset objects reloaded before import = 0Number of asset objects unloaded after import = 7

========================================================================
Received Import Request.
  Time since last request: 0.000033 seconds.
  path: Assets/RPGPP_LT/Models/Props/rpgpp_lt_broom_01.fbx
  artifactKey: Guid(752014a26efd03145b74d57634ef9245) Importer(815301076,1909f56bfc062723c751e8b465ee728b)
Start importing Assets/RPGPP_LT/Models/Props/rpgpp_lt_broom_01.fbx using Guid(752014a26efd03145b74d57634ef9245) Importer(815301076,1909f56bfc062723c751e8b465ee728b) (PreviewImporter) -> (artifact id: '8e22f4e5878ca6c8fb9affeddfece0d8') in 0.047501 seconds
Number of updated asset objects reloaded before import = 0Number of asset objects unloaded after import = 7

========================================================================
Received Import Request.
  Time since last request: 0.000043 seconds.
  path: Assets/RPGPP_LT/Models/Props/rpgpp_lt_shield_wall_01a.fbx
  artifactKey: Guid(6db1e633533718d49bd0b8329bc37412) Importer(815301076,1909f56bfc062723c751e8b465ee728b)
Start importing Assets/RPGPP_LT/Models/Props/rpgpp_lt_shield_wall_01a.fbx using Guid(6db1e633533718d49bd0b8329bc37412) Importer(815301076,1909f56bfc062723c751e8b465ee728b) (PreviewImporter) -> (artifact id: 'de24f27a6185ed9b2cc0b0eb8abceea1') in 0.041753 seconds
Number of updated asset objects reloaded before import = 0Number of asset objects unloaded after import = 7

========================================================================
Received Import Request.
  Time since last request: 0.000046 seconds.
  path: Assets/RPGPP_LT/Models/Props/rpgpp_lt_vase_01.fbx
  artifactKey: Guid(9bd069d17b875254f9fc1eeccdd647b4) Importer(815301076,1909f56bfc062723c751e8b465ee728b)
Start importing Assets/RPGPP_LT/Models/Props/rpgpp_lt_vase_01.fbx using Guid(9bd069d17b875254f9fc1eeccdd647b4) Importer(815301076,1909f56bfc062723c751e8b465ee728b) (PreviewImporter) -> (artifact id: '51980a99868900ac51fd19030ef7bfd7') in 0.044999 seconds
Number of updated asset objects reloaded before import = 0Number of asset objects unloaded after import = 7

========================================================================
Received Import Request.
  Time since last request: 0.000048 seconds.
  path: Assets/RPGPP_LT/Models/Nature/rpgpp_lt_plant_02.fbx
  artifactKey: Guid(2ef20853860a4694c9c08c312d121b56) Importer(815301076,1909f56bfc062723c751e8b465ee728b)
Start importing Assets/RPGPP_LT/Models/Nature/rpgpp_lt_plant_02.fbx using Guid(2ef20853860a4694c9c08c312d121b56) Importer(815301076,1909f56bfc062723c751e8b465ee728b) (PreviewImporter) -> (artifact id: '6b84c84b4ac138dd13f1b663c31384fe') in 0.0490249 seconds
Number of updated asset objects reloaded before import = 0Number of asset objects unloaded after import = 7

========================================================================
Received Import Request.
  Time since last request: 0.000051 seconds.
  path: Assets/Samples/XR Interaction Toolkit/3.2.2/Starter Assets/Models/Pinch_Pointer_LOD0.fbx
  artifactKey: Guid(e053b8fbc416ba349b4a58a26410bba2) Importer(815301076,1909f56bfc062723c751e8b465ee728b)
Start importing Assets/Samples/XR Interaction Toolkit/3.2.2/Starter Assets/Models/Pinch_Pointer_LOD0.fbx using Guid(e053b8fbc416ba349b4a58a26410bba2) Importer(815301076,1909f56bfc062723c751e8b465ee728b) (PreviewImporter) -> (artifact id: '200a1e50ebfb1bd9d51b0677da4f2348') in 0.0481869 seconds
Number of updated asset objects reloaded before import = 0Number of asset objects unloaded after import = 6

========================================================================
Received Import Request.
  Time since last request: 0.000037 seconds.
  path: Assets/RPGPP_LT/Models/Nature/rpgpp_lt_plant_01.fbx
  artifactKey: Guid(82188904581423c4a9ed3fbf3286ccdd) Importer(815301076,1909f56bfc062723c751e8b465ee728b)
Start importing Assets/RPGPP_LT/Models/Nature/rpgpp_lt_plant_01.fbx using Guid(82188904581423c4a9ed3fbf3286ccdd) Importer(815301076,1909f56bfc062723c751e8b465ee728b) (PreviewImporter) -> (artifact id: 'd6599e5a66edd36b2c9b5cfe000241a9') in 0.0469887 seconds
Number of updated asset objects reloaded before import = 0Number of asset objects unloaded after import = 7

========================================================================
Received Import Request.
  Time since last request: 0.000057 seconds.
  path: Assets/RPGPP_LT/Models/Props/rpgpp_lt_jug_01.fbx
  artifactKey: Guid(d68abfcba378a4f46847fa7f406b6ba6) Importer(815301076,1909f56bfc062723c751e8b465ee728b)
Start importing Assets/RPGPP_LT/Models/Props/rpgpp_lt_jug_01.fbx using Guid(d68abfcba378a4f46847fa7f406b6ba6) Importer(815301076,1909f56bfc062723c751e8b465ee728b) (PreviewImporter) -> (artifact id: '24b7e58c69584bf37503591db5fc4726') in 0.0411201 seconds
Number of updated asset objects reloaded before import = 0Number of asset objects unloaded after import = 7

========================================================================
Received Import Request.
  Time since last request: 0.000106 seconds.
  path: Assets/RPGPP_LT/Models/Props/rpgpp_lt_hanger_clothes_01.fbx
  artifactKey: Guid(30c389f0d35cc414d9e841ff82ce1424) Importer(815301076,1909f56bfc062723c751e8b465ee728b)
Start importing Assets/RPGPP_LT/Models/Props/rpgpp_lt_hanger_clothes_01.fbx using Guid(30c389f0d35cc414d9e841ff82ce1424) Importer(815301076,1909f56bfc062723c751e8b465ee728b) (PreviewImporter) -> (artifact id: '97c331d31304ddc82a0645236a075969') in 0.0391098 seconds
Number of updated asset objects reloaded before import = 0Number of asset objects unloaded after import = 7

========================================================================
Received Import Request.
  Time since last request: 0.000036 seconds.
  path: Assets/RPGPP_LT/Models/Exterior/rpgpp_lt_fence_wood_01_corner_a.fbx
  artifactKey: Guid(d35a859b6dd7e984fbb0b46bd45ef997) Importer(815301076,1909f56bfc062723c751e8b465ee728b)
Start importing Assets/RPGPP_LT/Models/Exterior/rpgpp_lt_fence_wood_01_corner_a.fbx using Guid(d35a859b6dd7e984fbb0b46bd45ef997) Importer(815301076,1909f56bfc062723c751e8b465ee728b) (PreviewImporter) -> (artifact id: 'c2043e8419868ff44cf11a79b2900c41') in 0.033612 seconds
Number of updated asset objects reloaded before import = 0Number of asset objects unloaded after import = 7

========================================================================
Received Import Request.
  Time since last request: 0.000073 seconds.
  path: Assets/RPGPP_LT/Models/Props/rpgpp_lt_basket_01.fbx
  artifactKey: Guid(e004a80ac7ab9af438c62e6a999c860f) Importer(815301076,1909f56bfc062723c751e8b465ee728b)
Start importing Assets/RPGPP_LT/Models/Props/rpgpp_lt_basket_01.fbx using Guid(e004a80ac7ab9af438c62e6a999c860f) Importer(815301076,1909f56bfc062723c751e8b465ee728b) (PreviewImporter) -> (artifact id: '23252eacd71cb2917749056d6837b5d7') in 0.1140148 seconds
Number of updated asset objects reloaded before import = 0Number of asset objects unloaded after import = 7

========================================================================
Received Import Request.
  Time since last request: 0.000053 seconds.
  path: Assets/RPGPP_LT/Models/Structures/rpgpp_lt_building_01.fbx
  artifactKey: Guid(af5390e2a0373984db3740f21c0ec034) Importer(815301076,1909f56bfc062723c751e8b465ee728b)
Start importing Assets/RPGPP_LT/Models/Structures/rpgpp_lt_building_01.fbx using Guid(af5390e2a0373984db3740f21c0ec034) Importer(815301076,1909f56bfc062723c751e8b465ee728b) (PreviewImporter) -> (artifact id: '4aeafaae5915ae94d58ec285d06ab215') in 0.0639041 seconds
Number of updated asset objects reloaded before import = 0Number of asset objects unloaded after import = 7

========================================================================
Received Import Request.
  Time since last request: 0.000085 seconds.
  path: Assets/RPGPP_LT/Models/Nature/rpgpp_lt_terrain_sand_01.fbx
  artifactKey: Guid(b75a02a185084be49bc0ead09438de21) Importer(815301076,1909f56bfc062723c751e8b465ee728b)
Start importing Assets/RPGPP_LT/Models/Nature/rpgpp_lt_terrain_sand_01.fbx using Guid(b75a02a185084be49bc0ead09438de21) Importer(815301076,1909f56bfc062723c751e8b465ee728b) (PreviewImporter) -> (artifact id: '05fdea0b01cb8ee982dc89d8d3697fe9') in 0.0392438 seconds
Number of updated asset objects reloaded before import = 0Number of asset objects unloaded after import = 7

========================================================================
Received Import Request.
  Time since last request: 0.000034 seconds.
  path: Assets/RPGPP_LT/Models/Nature/rpgpp_lt_hill_small_01.fbx
  artifactKey: Guid(3602432658d7f1540978cbbd6875ad2d) Importer(815301076,1909f56bfc062723c751e8b465ee728b)
Start importing Assets/RPGPP_LT/Models/Nature/rpgpp_lt_hill_small_01.fbx using Guid(3602432658d7f1540978cbbd6875ad2d) Importer(815301076,1909f56bfc062723c751e8b465ee728b) (PreviewImporter) -> (artifact id: '2d219900c9f07bfa25b36512575b4834') in 0.0361828 seconds
Number of updated asset objects reloaded before import = 0Number of asset objects unloaded after import = 7

========================================================================
Received Import Request.
  Time since last request: 0.000057 seconds.
  path: Assets/RPGPP_LT/Models/Props/rpgpp_lt_bench_wood_02.fbx
  artifactKey: Guid(93a3ff32089f8fe4289d3c6b2dd2d6fe) Importer(815301076,1909f56bfc062723c751e8b465ee728b)
Start importing Assets/RPGPP_LT/Models/Props/rpgpp_lt_bench_wood_02.fbx using Guid(93a3ff32089f8fe4289d3c6b2dd2d6fe) Importer(815301076,1909f56bfc062723c751e8b465ee728b) (PreviewImporter) -> (artifact id: 'e4b27972e021f1e38f438ef795896afd') in 0.0354818 seconds
Number of updated asset objects reloaded before import = 0Number of asset objects unloaded after import = 7

========================================================================
Received Import Request.
  Time since last request: 0.000058 seconds.
  path: Assets/RPGPP_LT/Models/Props/rpgpp_lt_package_01.fbx
  artifactKey: Guid(4a9eb490516647a4d8765165bfb9cf47) Importer(815301076,1909f56bfc062723c751e8b465ee728b)
Start importing Assets/RPGPP_LT/Models/Props/rpgpp_lt_package_01.fbx using Guid(4a9eb490516647a4d8765165bfb9cf47) Importer(815301076,1909f56bfc062723c751e8b465ee728b) (PreviewImporter) -> (artifact id: 'a46a6813b3538aaa56b62682cb93f19c') in 0.0424279 seconds
Number of updated asset objects reloaded before import = 0Number of asset objects unloaded after import = 7

========================================================================
Received Import Request.
  Time since last request: 0.000027 seconds.
  path: Assets/RPGPP_LT/Models/Props/rpgpp_lt_vase_02.fbx
  artifactKey: Guid(65a171ea06543b04fa7aa086cd66702d) Importer(815301076,1909f56bfc062723c751e8b465ee728b)
Start importing Assets/RPGPP_LT/Models/Props/rpgpp_lt_vase_02.fbx using Guid(65a171ea06543b04fa7aa086cd66702d) Importer(815301076,1909f56bfc062723c751e8b465ee728b) (PreviewImporter) -> (artifact id: 'f7f676e600d257c6abc14b62bc900f6f') in 0.0361358 seconds
Number of updated asset objects reloaded before import = 0Number of asset objects unloaded after import = 7

========================================================================
Received Import Request.
  Time since last request: 0.000055 seconds.
  path: Assets/RPGPP_LT/Models/Nature/rpgpp_lt_cloud_02.fbx
  artifactKey: Guid(4432020e36e26f946a400515834f11b7) Importer(815301076,1909f56bfc062723c751e8b465ee728b)
Start importing Assets/RPGPP_LT/Models/Nature/rpgpp_lt_cloud_02.fbx using Guid(4432020e36e26f946a400515834f11b7) Importer(815301076,1909f56bfc062723c751e8b465ee728b) (PreviewImporter) -> (artifact id: '3fadb12801d52f55dbc424de744688d3') in 0.0425749 seconds
Number of updated asset objects reloaded before import = 0Number of asset objects unloaded after import = 7

========================================================================
Received Import Request.
  Time since last request: 0.000039 seconds.
  path: Assets/RPGPP_LT/Models/Props/rpgpp_lt_crate_02.fbx
  artifactKey: Guid(014048666a456504ebb458f28b1c6dc3) Importer(815301076,1909f56bfc062723c751e8b465ee728b)
Start importing Assets/RPGPP_LT/Models/Props/rpgpp_lt_crate_02.fbx using Guid(014048666a456504ebb458f28b1c6dc3) Importer(815301076,1909f56bfc062723c751e8b465ee728b) (PreviewImporter) -> (artifact id: '8d5155801d47f84fb97e17f00fd24066') in 0.0420463 seconds
Number of updated asset objects reloaded before import = 0Number of asset objects unloaded after import = 7

========================================================================
Received Import Request.
  Time since last request: 0.000025 seconds.
  path: Assets/RPGPP_LT/Models/Nature/rpgpp_lt_terrain_grass_02.fbx
  artifactKey: Guid(a90ec1b8be596134b912428bfce1f226) Importer(815301076,1909f56bfc062723c751e8b465ee728b)
Start importing Assets/RPGPP_LT/Models/Nature/rpgpp_lt_terrain_grass_02.fbx using Guid(a90ec1b8be596134b912428bfce1f226) Importer(815301076,1909f56bfc062723c751e8b465ee728b) (PreviewImporter) -> (artifact id: 'bb330a15356389b4f8bf353a11fb9abd') in 0.0424087 seconds
Number of updated asset objects reloaded before import = 0Number of asset objects unloaded after import = 7

========================================================================
Received Import Request.
  Time since last request: 0.000050 seconds.
  path: Assets/RPGPP_LT/Models/Props/rpgpp_lt_crate_03.fbx
  artifactKey: Guid(84f4d8f4f7dfde94fb92e8b89514c03f) Importer(815301076,1909f56bfc062723c751e8b465ee728b)
Start importing Assets/RPGPP_LT/Models/Props/rpgpp_lt_crate_03.fbx using Guid(84f4d8f4f7dfde94fb92e8b89514c03f) Importer(815301076,1909f56bfc062723c751e8b465ee728b) (PreviewImporter) -> (artifact id: '836d27082ca05c12e810d301dda33a9e') in 0.0420653 seconds
Number of updated asset objects reloaded before import = 0Number of asset objects unloaded after import = 7

========================================================================
Received Import Request.
  Time since last request: 0.000046 seconds.
  path: Assets/RPGPP_LT/Models/Props/rpgpp_lt_sack_open_01.fbx
  artifactKey: Guid(1716e599fb056014ca8f5786b3a82fcf) Importer(815301076,1909f56bfc062723c751e8b465ee728b)
Start importing Assets/RPGPP_LT/Models/Props/rpgpp_lt_sack_open_01.fbx using Guid(1716e599fb056014ca8f5786b3a82fcf) Importer(815301076,1909f56bfc062723c751e8b465ee728b) (PreviewImporter) -> (artifact id: '07bb7cd1e0e01f222b9d7d9c49b12c95') in 0.041286 seconds
Number of updated asset objects reloaded before import = 0Number of asset objects unloaded after import = 7

========================================================================
Received Import Request.
  Time since last request: 0.000029 seconds.
  path: Assets/RPGPP_LT/Models/Structures/rpgpp_lt_building_05.fbx
  artifactKey: Guid(7d1c542ac0453aa40a248ffb042193c2) Importer(815301076,1909f56bfc062723c751e8b465ee728b)
Start importing Assets/RPGPP_LT/Models/Structures/rpgpp_lt_building_05.fbx using Guid(7d1c542ac0453aa40a248ffb042193c2) Importer(815301076,1909f56bfc062723c751e8b465ee728b) (PreviewImporter) -> (artifact id: 'df5d3a2c1755f445ae2303ea4ee17102') in 0.0397915 seconds
Number of updated asset objects reloaded before import = 0Number of asset objects unloaded after import = 7

========================================================================
Received Import Request.
  Time since last request: 0.000036 seconds.
  path: Assets/RPGPP_LT/Models/Props/rpgpp_lt_barrel_01.fbx
  artifactKey: Guid(caf770415cf8b3745b977df80c57628b) Importer(815301076,1909f56bfc062723c751e8b465ee728b)
Start importing Assets/RPGPP_LT/Models/Props/rpgpp_lt_barrel_01.fbx using Guid(caf770415cf8b3745b977df80c57628b) Importer(815301076,1909f56bfc062723c751e8b465ee728b) (PreviewImporter) -> (artifact id: 'e7b99a9ee56a2fafa0a15a37f2e0a21d') in 0.0396304 seconds
Number of updated asset objects reloaded before import = 0Number of asset objects unloaded after import = 7

========================================================================
Received Import Request.
  Time since last request: 0.000048 seconds.
  path: Assets/Animated Hands/Models/l_hand_skeletal_lowres.fbx
  artifactKey: Guid(ca20b3907ff1c794cb89c1ad2cce8282) Importer(815301076,1909f56bfc062723c751e8b465ee728b)
Start importing Assets/Animated Hands/Models/l_hand_skeletal_lowres.fbx using Guid(ca20b3907ff1c794cb89c1ad2cce8282) Importer(815301076,1909f56bfc062723c751e8b465ee728b) (PreviewImporter) -> (artifact id: '25de9058d39cb429ffd1bc572c9e5d32') in 2.3394825 seconds
Number of updated asset objects reloaded before import = 0Number of asset objects unloaded after import = 65

========================================================================
Received Import Request.
  Time since last request: 0.000038 seconds.
  path: Assets/RPGPP_LT/Models/Exterior/rpgpp_lt_fence_wood_01b.fbx
  artifactKey: Guid(90d435888930dc847acfc9dfe2e4df18) Importer(815301076,1909f56bfc062723c751e8b465ee728b)
Start importing Assets/RPGPP_LT/Models/Exterior/rpgpp_lt_fence_wood_01b.fbx using Guid(90d435888930dc847acfc9dfe2e4df18) Importer(815301076,1909f56bfc062723c751e8b465ee728b) (PreviewImporter) -> (artifact id: '28f78677dd3d8a0b67f4f00683f60a87') in 0.045587 seconds
Number of updated asset objects reloaded before import = 0Number of asset objects unloaded after import = 7

========================================================================
Received Import Request.
  Time since last request: 0.000039 seconds.
  path: Assets/RPGPP_LT/Models/Nature/rpgpp_lt_rock_small_02.fbx
  artifactKey: Guid(7110966a22a1bd74c894def7bbb4b8cb) Importer(815301076,1909f56bfc062723c751e8b465ee728b)
Start importing Assets/RPGPP_LT/Models/Nature/rpgpp_lt_rock_small_02.fbx using Guid(7110966a22a1bd74c894def7bbb4b8cb) Importer(815301076,1909f56bfc062723c751e8b465ee728b) (PreviewImporter) -> (artifact id: '0a4c35aa0734bf02711868dbb68de04f') in 0.0346894 seconds
Number of updated asset objects reloaded before import = 0Number of asset objects unloaded after import = 7

========================================================================
Received Import Request.
  Time since last request: 0.000030 seconds.
  path: Assets/RPGPP_LT/Models/Exterior/rpgpp_lt_fence_wood_02a.fbx
  artifactKey: Guid(b77da4f016c6e22418c989a19bf3ba6c) Importer(815301076,1909f56bfc062723c751e8b465ee728b)
Start importing Assets/RPGPP_LT/Models/Exterior/rpgpp_lt_fence_wood_02a.fbx using Guid(b77da4f016c6e22418c989a19bf3ba6c) Importer(815301076,1909f56bfc062723c751e8b465ee728b) (PreviewImporter) -> (artifact id: 'd1540dbdf189bbb5d5065423560f412b') in 0.0329921 seconds
Number of updated asset objects reloaded before import = 0Number of asset objects unloaded after import = 7

========================================================================
Received Import Request.
  Time since last request: 0.000037 seconds.
  path: Assets/RPGPP_LT/Models/Props/rpgpp_lt_ladder_01.fbx
  artifactKey: Guid(5a5a8e9d7228e204a91c0fb79c12479b) Importer(815301076,1909f56bfc062723c751e8b465ee728b)
Start importing Assets/RPGPP_LT/Models/Props/rpgpp_lt_ladder_01.fbx using Guid(5a5a8e9d7228e204a91c0fb79c12479b) Importer(815301076,1909f56bfc062723c751e8b465ee728b) (PreviewImporter) -> (artifact id: '07ca46eb8da7cf865e8a3ad1b786aa67') in 0.0386255 seconds
Number of updated asset objects reloaded before import = 0Number of asset objects unloaded after import = 7

========================================================================
Received Import Request.
  Time since last request: 0.000045 seconds.
  path: Assets/Samples/XR Interaction Toolkit/3.2.2/Starter Assets/DemoSceneAssets/Models/Primitive_Torus_Cut.fbx
  artifactKey: Guid(46c1c422ff6897f49a404b012dc924d3) Importer(815301076,1909f56bfc062723c751e8b465ee728b)
Start importing Assets/Samples/XR Interaction Toolkit/3.2.2/Starter Assets/DemoSceneAssets/Models/Primitive_Torus_Cut.fbx using Guid(46c1c422ff6897f49a404b012dc924d3) Importer(815301076,1909f56bfc062723c751e8b465ee728b) (PreviewImporter) -> (artifact id: '204f8edcc474203c701e98d6e1eead40') in 0.0569342 seconds
Number of updated asset objects reloaded before import = 0Number of asset objects unloaded after import = 15

========================================================================
Received Import Request.
  Time since last request: 0.000029 seconds.
  path: Assets/RPGPP_LT/Models/Props/rpgpp_lt_hanger_wood_01.fbx
  artifactKey: Guid(dc53ddfef4a2d414f83c0332e80bfbb6) Importer(815301076,1909f56bfc062723c751e8b465ee728b)
Start importing Assets/RPGPP_LT/Models/Props/rpgpp_lt_hanger_wood_01.fbx using Guid(dc53ddfef4a2d414f83c0332e80bfbb6) Importer(815301076,1909f56bfc062723c751e8b465ee728b) (PreviewImporter) -> (artifact id: 'd44188ff36e3bfdfd7d32d0ed6d59d91') in 0.0454473 seconds
Number of updated asset objects reloaded before import = 0Number of asset objects unloaded after import = 7

========================================================================
Received Import Request.
  Time since last request: 0.000041 seconds.
  path: Assets/RPGPP_LT/Models/Props/rpgpp_lt_bucket_01.fbx
  artifactKey: Guid(e978333221b12f44ba9099ca8d181f25) Importer(815301076,1909f56bfc062723c751e8b465ee728b)
Start importing Assets/RPGPP_LT/Models/Props/rpgpp_lt_bucket_01.fbx using Guid(e978333221b12f44ba9099ca8d181f25) Importer(815301076,1909f56bfc062723c751e8b465ee728b) (PreviewImporter) -> (artifact id: '9482863796350a0e178be49b820e30e2') in 0.0517424 seconds
Number of updated asset objects reloaded before import = 0Number of asset objects unloaded after import = 7

========================================================================
Received Import Request.
  Time since last request: 0.000041 seconds.
  path: Assets/RPGPP_LT/Models/Props/rpgpp_lt_shield_wall_01b.fbx
  artifactKey: Guid(ea48d15a3d30c4943927bc8edcd3ff96) Importer(815301076,1909f56bfc062723c751e8b465ee728b)
Start importing Assets/RPGPP_LT/Models/Props/rpgpp_lt_shield_wall_01b.fbx using Guid(ea48d15a3d30c4943927bc8edcd3ff96) Importer(815301076,1909f56bfc062723c751e8b465ee728b) (PreviewImporter) -> (artifact id: '5a7b298b930a0be4e303965d96d5b237') in 0.0363247 seconds
Number of updated asset objects reloaded before import = 0Number of asset objects unloaded after import = 7

========================================================================
Received Import Request.
  Time since last request: 0.000030 seconds.
  path: Assets/RPGPP_LT/Models/Nature/rpgpp_lt_terrain_path_01a.fbx
  artifactKey: Guid(46a54c5b0997d8b47bf6519139a81b86) Importer(815301076,1909f56bfc062723c751e8b465ee728b)
Start importing Assets/RPGPP_LT/Models/Nature/rpgpp_lt_terrain_path_01a.fbx using Guid(46a54c5b0997d8b47bf6519139a81b86) Importer(815301076,1909f56bfc062723c751e8b465ee728b) (PreviewImporter) -> (artifact id: '25290f03fe7a34ea25eb1f638cfdb903') in 0.0306412 seconds
Number of updated asset objects reloaded before import = 0Number of asset objects unloaded after import = 7

========================================================================
Received Import Request.
  Time since last request: 0.000042 seconds.
  path: Assets/RPGPP_LT/Models/Props/rpgpp_lt_bathtub_wood_01.fbx
  artifactKey: Guid(1a8449922d22bae4791e0335226fa1aa) Importer(815301076,1909f56bfc062723c751e8b465ee728b)
Start importing Assets/RPGPP_LT/Models/Props/rpgpp_lt_bathtub_wood_01.fbx using Guid(1a8449922d22bae4791e0335226fa1aa) Importer(815301076,1909f56bfc062723c751e8b465ee728b) (PreviewImporter) -> (artifact id: '75142a1bd6e140a560693bd33af0bf0b') in 0.0315585 seconds
Number of updated asset objects reloaded before import = 0Number of asset objects unloaded after import = 7

========================================================================
Received Import Request.
  Time since last request: 0.000039 seconds.
  path: Assets/RPGPP_LT/Models/Nature/rpgpp_lt_tree_pine_01.fbx
  artifactKey: Guid(58c79ebc04f48c74fa4869c3f7d941fd) Importer(815301076,1909f56bfc062723c751e8b465ee728b)
Start importing Assets/RPGPP_LT/Models/Nature/rpgpp_lt_tree_pine_01.fbx using Guid(58c79ebc04f48c74fa4869c3f7d941fd) Importer(815301076,1909f56bfc062723c751e8b465ee728b) (PreviewImporter) -> (artifact id: '4883f4c4c04a4c3fde7ceed09a357d8f') in 0.0320529 seconds
Number of updated asset objects reloaded before import = 0Number of asset objects unloaded after import = 7

========================================================================
Received Import Request.
  Time since last request: 86.200569 seconds.
  path: Packages/com.unity.render-pipelines.universal/Runtime/Materials/ArnoldStandardSurface/ArnoldStandardSurface.shadergraph
  artifactKey: Guid(3739e562a03fc0b4982d8aa66cc50865) Importer(815301076,1909f56bfc062723c751e8b465ee728b)
Start importing Packages/com.unity.render-pipelines.universal/Runtime/Materials/ArnoldStandardSurface/ArnoldStandardSurface.shadergraph using Guid(3739e562a03fc0b4982d8aa66cc50865) Importer(815301076,1909f56bfc062723c751e8b465ee728b) (PreviewImporter) -> (artifact id: '1d7d306d064a6ed643ab1c23528adf47') in 2.4970085 seconds
Number of updated asset objects reloaded before import = 0Number of asset objects unloaded after import = 5

========================================================================
Received Import Request.
  Time since last request: 0.000033 seconds.
  path: Packages/com.unity.render-pipelines.universal/Runtime/Materials/SpatialMappingOcclusion.mat
  artifactKey: Guid(b51db210fe78df745a372851b3db949e) Importer(815301076,1909f56bfc062723c751e8b465ee728b)
Start importing Packages/com.unity.render-pipelines.universal/Runtime/Materials/SpatialMappingOcclusion.mat using Guid(b51db210fe78df745a372851b3db949e) Importer(815301076,1909f56bfc062723c751e8b465ee728b) (PreviewImporter) -> (artifact id: '2b9133e4e06eab62929dab32ef682e39') in 0.0182737 seconds
Number of updated asset objects reloaded before import = 0Number of asset objects unloaded after import = 1

========================================================================
Received Import Request.
  Time since last request: 0.000034 seconds.
  path: Assets/Samples/XR Interaction Toolkit/3.2.2/Starter Assets/Materials/Controller_Grey.mat
  artifactKey: Guid(99685157b02e4d446bbecb015645e5e8) Importer(815301076,1909f56bfc062723c751e8b465ee728b)
Start importing Assets/Samples/XR Interaction Toolkit/3.2.2/Starter Assets/Materials/Controller_Grey.mat using Guid(99685157b02e4d446bbecb015645e5e8) Importer(815301076,1909f56bfc062723c751e8b465ee728b) (PreviewImporter) -> (artifact id: 'e77cade3e32ad64eb15aae53d13fcf36') in 0.0553192 seconds
Number of updated asset objects reloaded before import = 0Number of asset objects unloaded after import = 2

========================================================================
Received Import Request.
  Time since last request: 0.000048 seconds.
  path: Packages/com.unity.searcher/Editor/Resources/FlatSkin/Font/Roboto-MediumItalic.ttf
  artifactKey: Guid(d93c1bc57fdf1ac4dad1bf04fac05464) Importer(815301076,1909f56bfc062723c751e8b465ee728b)
Start importing Packages/com.unity.searcher/Editor/Resources/FlatSkin/Font/Roboto-MediumItalic.ttf using Guid(d93c1bc57fdf1ac4dad1bf04fac05464) Importer(815301076,1909f56bfc062723c751e8b465ee728b) (PreviewImporter) -> (artifact id: '453f43c85228f216e7406831955bf7b1') in 0.0270597 seconds
Number of updated asset objects reloaded before import = 0Number of asset objects unloaded after import = 4

========================================================================
Received Import Request.
  Time since last request: 0.000028 seconds.
  path: Packages/com.unity.render-pipelines.universal/Shaders/2D/VFXSpriteLit.shadergraph
  artifactKey: Guid(24a73dccd7b6fad4798be282f96a21f4) Importer(815301076,1909f56bfc062723c751e8b465ee728b)
Start importing Packages/com.unity.render-pipelines.universal/Shaders/2D/VFXSpriteLit.shadergraph using Guid(24a73dccd7b6fad4798be282f96a21f4) Importer(815301076,1909f56bfc062723c751e8b465ee728b) (PreviewImporter) -> (artifact id: 'aea05bf148dc503976f2c735935970f5') in 0.0475607 seconds
Number of updated asset objects reloaded before import = 0Number of asset objects unloaded after import = 2

========================================================================
Received Import Request.
  Time since last request: 0.000033 seconds.
  path: Packages/com.unity.xr.arfoundation/Assets/Materials/XAxis.mat
  artifactKey: Guid(a23d1b0dc553640f682d502af95e7789) Importer(815301076,1909f56bfc062723c751e8b465ee728b)
Start importing Packages/com.unity.xr.arfoundation/Assets/Materials/XAxis.mat using Guid(a23d1b0dc553640f682d502af95e7789) Importer(815301076,1909f56bfc062723c751e8b465ee728b) (PreviewImporter) -> (artifact id: 'c39f95c15237ab09937225d4b3841ac5') in 0.0236041 seconds
Number of updated asset objects reloaded before import = 0Number of asset objects unloaded after import = 1

========================================================================
Received Import Request.
  Time since last request: 0.000029 seconds.
  path: Assets/Samples/XR Hands/1.7.2/HandVisualizer/Materials/TransparentRed.mat
  artifactKey: Guid(d149182fa7aa1dc47bd32b2a6da80ec9) Importer(815301076,1909f56bfc062723c751e8b465ee728b)
Start importing Assets/Samples/XR Hands/1.7.2/HandVisualizer/Materials/TransparentRed.mat using Guid(d149182fa7aa1dc47bd32b2a6da80ec9) Importer(815301076,1909f56bfc062723c751e8b465ee728b) (PreviewImporter) -> (artifact id: '50b69838268bec5e4d457e36eecb6ce2') in 1.6860725 seconds
Number of updated asset objects reloaded before import = 0Number of asset objects unloaded after import = 1

========================================================================
Received Import Request.
  Time since last request: 0.000031 seconds.
  path: Packages/com.unity.render-pipelines.universal/Shaders/AutodeskInteractive/AutodeskInteractive.shadergraph
  artifactKey: Guid(0e9d5a909a1f7e84882a534d0d11e49f) Importer(815301076,1909f56bfc062723c751e8b465ee728b)
Start importing Packages/com.unity.render-pipelines.universal/Shaders/AutodeskInteractive/AutodeskInteractive.shadergraph using Guid(0e9d5a909a1f7e84882a534d0d11e49f) Importer(815301076,1909f56bfc062723c751e8b465ee728b) (PreviewImporter) -> (artifact id: 'e11814c46730a19259b4b7837531efc1') in 2.3355518 seconds
Number of updated asset objects reloaded before import = 0Number of asset objects unloaded after import = 0

========================================================================
Received Import Request.
  Time since last request: 0.000062 seconds.
  path: Packages/com.unity.searcher/Editor/Resources/FlatSkin/Font/Roboto-Black.ttf
  artifactKey: Guid(1062c701058745940ae5dca6219c64c8) Importer(815301076,1909f56bfc062723c751e8b465ee728b)
Start importing Packages/com.unity.searcher/Editor/Resources/FlatSkin/Font/Roboto-Black.ttf using Guid(1062c701058745940ae5dca6219c64c8) Importer(815301076,1909f56bfc062723c751e8b465ee728b) (PreviewImporter) -> (artifact id: '138a429b1e366d3399c1778ff8acfa8a') in 0.020937 seconds
Number of updated asset objects reloaded before import = 0Number of asset objects unloaded after import = 4

========================================================================
Received Import Request.
  Time since last request: 0.000040 seconds.
  path: Packages/com.unity.searcher/Editor/Resources/FlatSkin/Font/Roboto-Regular.ttf
  artifactKey: Guid(30dc370b164eefc43b95744fc796dad0) Importer(815301076,1909f56bfc062723c751e8b465ee728b)
Start importing Packages/com.unity.searcher/Editor/Resources/FlatSkin/Font/Roboto-Regular.ttf using Guid(30dc370b164eefc43b95744fc796dad0) Importer(815301076,1909f56bfc062723c751e8b465ee728b) (PreviewImporter) -> (artifact id: 'e81074351519a6eba109093927229a9a') in 0.0153919 seconds
Number of updated asset objects reloaded before import = 0Number of asset objects unloaded after import = 4

========================================================================
Received Import Request.
  Time since last request: 0.000031 seconds.
  path: Packages/com.unity.render-pipelines.universal/Runtime/Materials/Sprite-Lit-Default.mat
  artifactKey: Guid(a97c105638bdf8b4a8650670310a4cd3) Importer(815301076,1909f56bfc062723c751e8b465ee728b)
Start importing Packages/com.unity.render-pipelines.universal/Runtime/Materials/Sprite-Lit-Default.mat using Guid(a97c105638bdf8b4a8650670310a4cd3) Importer(815301076,1909f56bfc062723c751e8b465ee728b) (PreviewImporter) -> (artifact id: 'b08cccdcdad606a07ad8ac5dc990e9b3') in 0.0122448 seconds
Number of updated asset objects reloaded before import = 0Number of asset objects unloaded after import = 0

========================================================================
Received Import Request.
  Time since last request: 0.000031 seconds.
  path: Assets/Samples/XR Hands/1.7.2/HandVisualizer/Materials/Green.mat
  artifactKey: Guid(727f87098255ad04987a60f5f08390bc) Importer(815301076,1909f56bfc062723c751e8b465ee728b)
Start importing Assets/Samples/XR Hands/1.7.2/HandVisualizer/Materials/Green.mat using Guid(727f87098255ad04987a60f5f08390bc) Importer(815301076,1909f56bfc062723c751e8b465ee728b) (PreviewImporter) -> (artifact id: '497ee7c0f432f9c6475098be8821ce3a') in 0.0139527 seconds
Number of updated asset objects reloaded before import = 0Number of asset objects unloaded after import = 1

========================================================================
Received Import Request.
  Time since last request: 0.000026 seconds.
  path: Assets/Samples/XR Hands/1.7.2/HandVisualizer/Materials/Blue.mat
  artifactKey: Guid(7b26add94f09dc44fb811013f007a3aa) Importer(815301076,1909f56bfc062723c751e8b465ee728b)
Start importing Assets/Samples/XR Hands/1.7.2/HandVisualizer/Materials/Blue.mat using Guid(7b26add94f09dc44fb811013f007a3aa) Importer(815301076,1909f56bfc062723c751e8b465ee728b) (PreviewImporter) -> (artifact id: '4294f7d3b6316dfea558c397cd1899e8') in 0.0107693 seconds
Number of updated asset objects reloaded before import = 0Number of asset objects unloaded after import = 1

========================================================================
Received Import Request.
  Time since last request: 0.000032 seconds.
  path: Assets/Samples/XR Hands/1.7.2/HandVisualizer/Materials/HandsDefaultMaterial.mat
  artifactKey: Guid(613690cd962241049a0ec289a6ff835e) Importer(815301076,1909f56bfc062723c751e8b465ee728b)
Start importing Assets/Samples/XR Hands/1.7.2/HandVisualizer/Materials/HandsDefaultMaterial.mat using Guid(613690cd962241049a0ec289a6ff835e) Importer(815301076,1909f56bfc062723c751e8b465ee728b) (PreviewImporter) -> (artifact id: 'a5d01cc257b0001cbc428b29eafd3518') in 0.0864995 seconds
Number of updated asset objects reloaded before import = 0Number of asset objects unloaded after import = 1

========================================================================
Received Import Request.
  Time since last request: 0.000044 seconds.
  path: Packages/com.unity.searcher/Editor/Resources/FlatSkin/Font/Roboto-Italic.ttf
  artifactKey: Guid(c839255fc8f6b4b4d90bf8c1af9f9bd1) Importer(815301076,1909f56bfc062723c751e8b465ee728b)
Start importing Packages/com.unity.searcher/Editor/Resources/FlatSkin/Font/Roboto-Italic.ttf using Guid(c839255fc8f6b4b4d90bf8c1af9f9bd1) Importer(815301076,1909f56bfc062723c751e8b465ee728b) (PreviewImporter) -> (artifact id: '7556d90ea45536bab6d4408e7ef87924') in 0.0168687 seconds
Number of updated asset objects reloaded before import = 0Number of asset objects unloaded after import = 4

========================================================================
Received Import Request.
  Time since last request: 0.000025 seconds.
  path: Packages/com.unity.searcher/Editor/Resources/FlatSkin/Font/Roboto-ThinItalic.ttf
  artifactKey: Guid(b2ea3b3f1765e544b9eb5bd1a93a91ce) Importer(815301076,1909f56bfc062723c751e8b465ee728b)
Start importing Packages/com.unity.searcher/Editor/Resources/FlatSkin/Font/Roboto-ThinItalic.ttf using Guid(b2ea3b3f1765e544b9eb5bd1a93a91ce) Importer(815301076,1909f56bfc062723c751e8b465ee728b) (PreviewImporter) -> (artifact id: '1a50cba9fce3d208db43fe101c706054') in 0.0159473 seconds
Number of updated asset objects reloaded before import = 0Number of asset objects unloaded after import = 4

========================================================================
Received Import Request.
  Time since last request: 0.000025 seconds.
  path: Packages/com.unity.render-pipelines.universal/Runtime/Materials/SpatialMappingWireframe.mat
  artifactKey: Guid(9875a245ac49007498213638a307faa1) Importer(815301076,1909f56bfc062723c751e8b465ee728b)
Start importing Packages/com.unity.render-pipelines.universal/Runtime/Materials/SpatialMappingWireframe.mat using Guid(9875a245ac49007498213638a307faa1) Importer(815301076,1909f56bfc062723c751e8b465ee728b) (PreviewImporter) -> (artifact id: 'bac2ca1d103604357244732855e374f9') in 0.0231249 seconds
Number of updated asset objects reloaded before import = 0Number of asset objects unloaded after import = 1

========================================================================
Received Import Request.
  Time since last request: 0.000025 seconds.
  path: Packages/com.unity.render-pipelines.universal/Shaders/AutodeskInteractive/AutodeskInteractiveMasked.shadergraph
  artifactKey: Guid(80aa867ac363ac043847b06ad71604cd) Importer(815301076,1909f56bfc062723c751e8b465ee728b)
Start importing Packages/com.unity.render-pipelines.universal/Shaders/AutodeskInteractive/AutodeskInteractiveMasked.shadergraph using Guid(80aa867ac363ac043847b06ad71604cd) Importer(815301076,1909f56bfc062723c751e8b465ee728b) (PreviewImporter) -> (artifact id: '2290bcc09b5320b218536549294ebed1') in 2.6921437 seconds
Number of updated asset objects reloaded before import = 0Number of asset objects unloaded after import = 0

========================================================================
Received Import Request.
  Time since last request: 0.000070 seconds.
  path: Packages/com.unity.render-pipelines.universal/Runtime/Materials/Lit.mat
  artifactKey: Guid(31321ba15b8f8eb4c954353edc038b1d) Importer(815301076,1909f56bfc062723c751e8b465ee728b)
Start importing Packages/com.unity.render-pipelines.universal/Runtime/Materials/Lit.mat using Guid(31321ba15b8f8eb4c954353edc038b1d) Importer(815301076,1909f56bfc062723c751e8b465ee728b) (PreviewImporter) -> (artifact id: '523ccb1e95faa82f2a44989e70798857') in 0.0269338 seconds
Number of updated asset objects reloaded before import = 0Number of asset objects unloaded after import = 0

========================================================================
Received Import Request.
  Time since last request: 0.000059 seconds.
  path: Packages/com.unity.render-pipelines.universal/Runtime/Materials/PhysicalMaterial3DsMax/PhysicalMaterial3DsMax.shadergraph
  artifactKey: Guid(44245ab89240f51459a5077d7145c452) Importer(815301076,1909f56bfc062723c751e8b465ee728b)
Start importing Packages/com.unity.render-pipelines.universal/Runtime/Materials/PhysicalMaterial3DsMax/PhysicalMaterial3DsMax.shadergraph using Guid(44245ab89240f51459a5077d7145c452) Importer(815301076,1909f56bfc062723c751e8b465ee728b) (PreviewImporter) -> (artifact id: '081047dca26652ea07759093f35f36d8') in 0.1380403 seconds
Number of updated asset objects reloaded before import = 0Number of asset objects unloaded after import = 5

========================================================================
Received Import Request.
  Time since last request: 0.000027 seconds.
  path: Packages/com.unity.searcher/Editor/Resources/FlatSkin/Font/Roboto-BlackItalic.ttf
  artifactKey: Guid(f95147a9bab9fe649b8070170fa7ebd2) Importer(815301076,1909f56bfc062723c751e8b465ee728b)
Start importing Packages/com.unity.searcher/Editor/Resources/FlatSkin/Font/Roboto-BlackItalic.ttf using Guid(f95147a9bab9fe649b8070170fa7ebd2) Importer(815301076,1909f56bfc062723c751e8b465ee728b) (PreviewImporter) -> (artifact id: '3e0e921949b98e4672810defb078b070') in 0.01718 seconds
Number of updated asset objects reloaded before import = 0Number of asset objects unloaded after import = 4

========================================================================
Received Import Request.
  Time since last request: 0.000042 seconds.
  path: Assets/Animated Hands/Materials/Hands_solid.mat
  artifactKey: Guid(3637b758ff163493f8bb8b6d7e96d7ae) Importer(815301076,1909f56bfc062723c751e8b465ee728b)
Start importing Assets/Animated Hands/Materials/Hands_solid.mat using Guid(3637b758ff163493f8bb8b6d7e96d7ae) Importer(815301076,1909f56bfc062723c751e8b465ee728b) (PreviewImporter) -> (artifact id: 'da306b6bcde35838d0399485189deb4a') in 0.0260031 seconds
Number of updated asset objects reloaded before import = 0Number of asset objects unloaded after import = 2

========================================================================
Received Import Request.
  Time since last request: 0.000032 seconds.
  path: Packages/com.unity.xr.arfoundation/Assets/Materials/DebugFace.mat
  artifactKey: Guid(35bd980c8f2234e3d8b640e25a677d65) Importer(815301076,1909f56bfc062723c751e8b465ee728b)
Start importing Packages/com.unity.xr.arfoundation/Assets/Materials/DebugFace.mat using Guid(35bd980c8f2234e3d8b640e25a677d65) Importer(815301076,1909f56bfc062723c751e8b465ee728b) (PreviewImporter)State comes from an incompatible keyword space
Expected: From shader: 'Simulation/Standard Lit' Keyword count: 78 Keywords: STEREO_INSTANCING_ON UNITY_SINGLE_PASS_STEREO STEREO_MULTIVIEW_ON STEREO_CUBEMAP_RENDER_ON _MAIN_LIGHT_SHADOWS _MAIN_LIGHT_SHADOWS_CASCADE _MAIN_LIGHT_SHADOWS_SCREEN _ADDITIONAL_LIGHTS_VERTEX _ADDITIONAL_LIGHTS EVALUATE_SH_MIXED EVALUATE_SH_VERTEX _LIGHT_LAYERS _CLUSTER_LIGHT_LOOP _FOVEATED_RENDERING_NON_UNIFORM_RASTER LIGHTMAP_SHADOW_MIXING SHADOWS_SHADOWMASK DIRLIGHTMAP_COMBINED LIGHTMAP_ON DYNAMICLIGHTMAP_ON USE_LEGACY_LIGHTMAPS LOD_FADE_CROSSFADE PROBE_VOLUMES_L1 PROBE_VOLUMES_L2 DOTS_INSTANCING_ON FOG_LINEAR FOG_EXP FOG_EXP2 INSTANCING_ON _NORMALMAP _PARALLAXMAP _RECEIVE_SHADOWS_OFF _DETAIL_MULX2 _DETAIL_SCALED _ADDITIONAL_LIGHT_SHADOWS _REFLECTION_PROBE_BLENDING _REFLECTION_PROBE_BOX_PROJECTION _REFLECTION_PROBE_ATLAS _SHADOWS_SOFT _SHADOWS_SOFT_LOW _SHADOWS_SOFT_MEDIUM _SHADOWS_SOFT_HIGH _SCREEN_SPACE_OCCLUSION _DBUFFER_MRT1 _DBUFFER_MRT2 _DBUFFER_MRT3 _LIGHT_COOKIES _WRITE_RENDERING_LAYERS LIGHTMAP_BICUBIC_SAMPLING DEBUG_DISPLAY _SURFACE_TYPE_TRANSPARENT _ALPHATEST_ON _ALPHAPREMULTIPLY_ON _ALPHAMODULATE_ON _EMISSION _METALLICSPECGLOSSMAP _SMOOTHNESS_TEXTURE_ALBEDO_CHANNEL_A _OCCLUSIONMAP _SPECULARHIGHLIGHTS_OFF _ENVIRONMENTREFLECTIONS_OFF _SPECULAR_SETUP _ALPHABLEND_ON _METALLICGLOSSMAP _GLOSSYREFLECTIONS_OFF DIRECTIONAL LIGHTPROBE_SH SHADOWS_SCREEN VERTEXLIGHT_ON _CASTING_PUNCTUAL_LIGHT_SHADOW POINT SPOT POINT_COOKIE DIRECTIONAL_COOKIE SHADOWS_DEPTH SHADOWS_SOFT SHADOWS_CUBE UNITY_HDR_ON EDITOR_VISUALIZATION _SPECGLOSSMAP
Actual: From shader: 'Universal Render Pipeline/Lit' Keyword count: 66 Keywords: STEREO_INSTANCING_ON UNITY_SINGLE_PASS_STEREO STEREO_MULTIVIEW_ON STEREO_CUBEMAP_RENDER_ON _MAIN_LIGHT_SHADOWS _MAIN_LIGHT_SHADOWS_CASCADE _MAIN_LIGHT_SHADOWS_SCREEN _ADDITIONAL_LIGHTS_VERTEX _ADDITIONAL_LIGHTS EVALUATE_SH_MIXED EVALUATE_SH_VERTEX _LIGHT_LAYERS _CLUSTER_LIGHT_LOOP _FOVEATED_RENDERING_NON_UNIFORM_RASTER LIGHTMAP_SHADOW_MIXING SHADOWS_SHADOWMASK DIRLIGHTMAP_COMBINED LIGHTMAP_ON DYNAMICLIGHTMAP_ON USE_LEGACY_LIGHTMAPS LOD_FADE_CROSSFADE PROBE_VOLUMES_L1 PROBE_VOLUMES_L2 DOTS_INSTANCING_ON FOG_LINEAR FOG_EXP FOG_EXP2 INSTANCING_ON _NORMALMAP _PARALLAXMAP _RECEIVE_SHADOWS_OFF _DETAIL_MULX2 _DETAIL_SCALED _ADDITIONAL_LIGHT_SHADOWS _REFLECTION_PROBE_BLENDING _REFLECTION_PROBE_BOX_PROJECTION _REFLECTION_PROBE_ATLAS _SHADOWS_SOFT _SHADOWS_SOFT_LOW _SHADOWS_SOFT_MEDIUM _SHADOWS_SOFT_HIGH _SCREEN_SPACE_OCCLUSION _DBUFFER_MRT1 _DBUFFER_MRT2 _DBUFFER_MRT3 _LIGHT_COOKIES _WRITE_RENDERING_LAYERS LIGHTMAP_BICUBIC_SAMPLING DEBUG_DISPLAY _SURFACE_TYPE_TRANSPARENT _ALPHATEST_ON _ALPHAPREMULTIPLY_ON _ALPHAMODULATE_ON _EMISSION _METALLICSPECGLOSSMAP _SMOOTHNESS_TEXTURE_ALBEDO_CHANNEL_A _OCCLUSIONMAP _SPECULARHIGHLIGHTS_OFF _ENVIRONMENTREFLECTIONS_OFF _SPECULAR_SETUP _CASTING_PUNCTUAL_LIGHT_SHADOW _RENDER_PASS_ENABLED _GBUFFER_NORMALS_OCT EDITOR_VISUALIZATION _SPECGLOSSMAP _ADD_PRECOMPUTED_VELOCITY
0x00007ffe235d03ce (Unity) StackWalker::ShowCallstack
0x00007ffe235dfe29 (Unity) PlatformStacktrace::GetStacktrace
0x00007ffe248584ae (Unity) Stacktrace::GetStacktrace
0x00007ffe24e2f32f (Unity) DebugStringToFile
0x00007ffe24e2eee9 (Unity) AssertImplementation
0x00007ffe232b0480 (Unity) keywords::LocalKeywordState::ReportIncompatibleKeywordSpace
0x00007ffe232b029f (Unity) keywords::LocalKeywordState::Remove
0x00007ffe232d0c1f (Unity) ShaderLab::Pass::ComputePassValuesHash
0x00007ffe2327b01c (Unity) Material::UpdateHashes
0x00007ffe232642d9 (Unity) Material::BuildProperties
0x00007ffe23261cf2 (Unity) Material::AcquireSharedMaterialData
0x00007ffe22da6fe0 (Unity) BaseRenderer::FlattenSharedMaterialData<0>
0x00007ffe22e7c4ec (Unity) IntermediateRenderer::AddAsRenderNode
0x00007ffe22e7c59a (Unity) MeshIntermediateRenderer::AddAsRenderNode
0x00007ffe22e56449 (Unity) PrepareRenderNodesOnMainThreadDeprecated
0x00007ffe22e56a6a (Unity) QueuePrepareIntegrateMainThreadObjects
0x00007ffe22e541fe (Unity) ExtractSceneRenderNodeQueue
0x00007ffe22e2b2c1 (Unity) CullResults::GetOrCreateSharedRendererScene
0x00007ffe230ba425 (Unity) CullScriptable
0x00007ffe226fcdcd (Unity) ScriptableRenderContext_CUSTOM_Internal_Cull
0x00000159ca4b8116 (Mono JIT Code) (wrapper managed-to-native) UnityEngine.Rendering.ScriptableRenderContext:Internal_Cull_Injected (UnityEngine.Rendering.ScriptableCullingParameters&,UnityEngine.Rendering.ScriptableRenderContext&,intptr)
0x00000159ca4b7fe3 (Mono JIT Code) UnityEngine.Rendering.ScriptableRenderContext:Internal_Cull (UnityEngine.Rendering.ScriptableCullingParameters&,UnityEngine.Rendering.ScriptableRenderContext,intptr)
0x00000159ca4b7dc3 (Mono JIT Code) UnityEngine.Rendering.ScriptableRenderContext:Cull (UnityEngine.Rendering.ScriptableCullingParameters&)
0x00000159ca4a1c03 (Mono JIT Code) UnityEngine.Rendering.Universal.UniversalRenderPipeline:RenderSingleCamera (UnityEngine.Rendering.ScriptableRenderContext,UnityEngine.Rendering.Universal.UniversalCameraData) (at ./Library/PackageCache/com.unity.render-pipelines.universal@cc5029882822/Runtime/UniversalRenderPipeline.cs:826)
0x00000159ca48dd6b (Mono JIT Code) UnityEngine.Rendering.Universal.UniversalRenderPipeline:RenderSingleCameraInternal (UnityEngine.Rendering.ScriptableRenderContext,UnityEngine.Camera,UnityEngine.Rendering.Universal.UniversalAdditionalCameraData&,bool) (at ./Library/PackageCache/com.unity.render-pipelines.universal@cc5029882822/Runtime/UniversalRenderPipeline.cs:691)
0x00000159ca48d38b (Mono JIT Code) UnityEngine.Rendering.Universal.UniversalRenderPipeline:RenderSingleCameraInternal (UnityEngine.Rendering.ScriptableRenderContext,UnityEngine.Camera,bool) (at ./Library/PackageCache/com.unity.render-pipelines.universal@cc5029882822/Runtime/UniversalRenderPipeline.cs:666)
0x00000159ca47639b (Mono JIT Code) UnityEngine.Rendering.Universal.UniversalRenderPipeline:Render (UnityEngine.Rendering.ScriptableRenderContext,System.Collections.Generic.List`1<UnityEngine.Camera>) (at ./Library/PackageCache/com.unity.render-pipelines.universal@cc5029882822/Runtime/UniversalRenderPipeline.cs:483)
0x00000159ca47551c (Mono JIT Code) UnityEngine.Rendering.RenderPipeline:InternalRender (UnityEngine.Rendering.ScriptableRenderContext,System.Collections.Generic.List`1<UnityEngine.Camera>)
0x00000159ca368b6b (Mono JIT Code) UnityEngine.Rendering.RenderPipelineManager:DoRenderLoop_Internal (UnityEngine.Rendering.RenderPipelineAsset,intptr,UnityEngine.Object,Unity.Collections.LowLevel.Unsafe.AtomicSafetyHandle)
0x00000159ca3690e5 (Mono JIT Code) (wrapper runtime-invoke) <Module>:runtime_invoke_void_object_intptr_object_AtomicSafetyHandle (object,intptr,intptr,intptr)
0x00007ffe21526e7e (mono-2.0-bdwgc) mono_jit_runtime_invoke (at C:/build/output/Unity-Technologies/mono/mono/mini/mini-runtime.c:3445)
0x00007ffe21468874 (mono-2.0-bdwgc) do_runtime_invoke (at C:/build/output/Unity-Technologies/mono/mono/metadata/object.c:3068)
0x00007ffe21468960 (mono-2.0-bdwgc) mono_runtime_invoke (at C:/build/output/Unity-Technologies/mono/mono/metadata/object.c:3115)
0x00007ffe234fafe4 (Unity) scripting_method_invoke
0x00007ffe234d3583 (Unity) ScriptingInvocation::Invoke
0x00007ffe234cec85 (Unity) ScriptingInvocation::Invoke<void>
0x00007ffe2364c6cf (Unity) Scripting::UnityEngine::Rendering::RenderPipelineManagerProxy::DoRenderLoop_Internal
0x00007ffe230c4f94 (Unity) ScriptableRenderContext::ExtractAndExecuteRenderPipeline
0x00007ffe22dee5ee (Unity) Camera::CustomRenderWithPipeline
0x00007ffe22dfbabd (Unity) Camera::StandaloneCustomRender
0x00007ffe22dfbd38 (Unity) Camera::StandaloneRender
0x00007ffe22df591f (Unity) CameraScripting::Render
0x00007ffe22630a59 (Unity) Camera_CUSTOM_Render
0x00000159ca3685c2 (Mono JIT Code) (wrapper managed-to-native) UnityEngine.Camera:Render_Injected (intptr)
0x00000159ca368493 (Mono JIT Code) UnityEngine.Camera:Render ()
0x00000159ca366f2b (Mono JIT Code) UnityEditor.PreviewRenderUtility:Render (bool,bool)
0x00000159ca689893 (Mono JIT Code) UnityEditor.MaterialEditor:DoRenderPreview (UnityEditor.PreviewRenderUtility,bool)
0x00000159ca6804ab (Mono JIT Code) UnityEditor.MaterialEditor:RenderStaticPreview (string,UnityEngine.Object[],int,int)
0x00000159c8fc784a (Mono JIT Code) UnityEditor.AssetPreviewUpdater:CreatePreview (UnityEngine.Object,UnityEngine.Object[],string,int,int)
0x00000159c8fc6ebb (Mono JIT Code) UnityEditor.AssetPreviewUpdater:CreatePreviewForAsset (UnityEngine.Object,UnityEngine.Object[],string)
0x00000159c8fc7120 (Mono JIT Code) (wrapper runtime-invoke) <Module>:runtime_invoke_object_object_object_object (object,intptr,intptr,intptr)
0x00007ffe21526e7e (mono-2.0-bdwgc) mono_jit_runtime_invoke (at C:/build/output/Unity-Technologies/mono/mono/mini/mini-runtime.c:3445)
0x00007ffe21468874 (mono-2.0-bdwgc) do_runtime_invoke (at C:/build/output/Unity-Technologies/mono/mono/metadata/object.c:3068)
0x00007ffe21468960 (mono-2.0-bdwgc) mono_runtime_invoke (at C:/build/output/Unity-Technologies/mono/mono/metadata/object.c:3115)
0x00007ffe234fafe4 (Unity) scripting_method_invoke
0x00007ffe234d3583 (Unity) ScriptingInvocation::Invoke
0x00007ffe249db28f (Unity) MonoCreateAssetPreview
0x00007ffe249dbf2a (Unity) WriteAssetPreviewToFile
0x00007ffe249dc3e9 (Unity) WritePreviews
0x00007ffe249d9f53 (Unity) PreviewImporter::GenerateAssetData
0x00007ffe24a3915e (Unity) ImportToObjects
0x00007ffe24a37fe2 (Unity) ImportAsset
0x00007ffe24a5be79 (Unity) AssetImportWorker::Import
0x00007ffe24ac95e3 (Unity) <lambda_87ac509f952b3a21fceb5af0e15c55b4>::operator()
0x00007ffe24b0860f (Unity) asio::detail::completion_handler<core::mutable_function<void __cdecl(void)>,asio::io_context::basic_executor_type<std::allocator<void>,0> >::do_complete
0x00007ffe24af5f01 (Unity) asio::detail::win_iocp_io_context::do_one
0x00007ffe24af7124 (Unity) asio::detail::win_iocp_io_context::run
0x00007ffe24b06c79 (Unity) IOService::Run
0x00007ffe24ad967f (Unity) AssetImportWorkerClient::Run
0x00007ffe24a9d771 (Unity) RunAssetImportWorkerClientV2
0x00007ffe24a9d7eb (Unity) RunAssetImporterV2
0x00007ffe24282180 (Unity) Application::InitializeProject
0x00007ffe24865c05 (Unity) UnityMain
0x00007ff775252f2a (Unity) __scrt_common_main_seh
0x00007fff413c7374 (KERNEL32) BaseThreadInitThunk
0x00007fff425dcc91 (ntdll) RtlUserThreadStart

Keyword state size mismatch (78 vs 66 keywords)
KeywordSpace: From shader: 'Simulation/Standard Lit' Keyword count: 78 Keywords: STEREO_INSTANCING_ON UNITY_SINGLE_PASS_STEREO STEREO_MULTIVIEW_ON STEREO_CUBEMAP_RENDER_ON _MAIN_LIGHT_SHADOWS _MAIN_LIGHT_SHADOWS_CASCADE _MAIN_LIGHT_SHADOWS_SCREEN _ADDITIONAL_LIGHTS_VERTEX _ADDITIONAL_LIGHTS EVALUATE_SH_MIXED EVALUATE_SH_VERTEX _LIGHT_LAYERS _CLUSTER_LIGHT_LOOP _FOVEATED_RENDERING_NON_UNIFORM_RASTER LIGHTMAP_SHADOW_MIXING SHADOWS_SHADOWMASK DIRLIGHTMAP_COMBINED LIGHTMAP_ON DYNAMICLIGHTMAP_ON USE_LEGACY_LIGHTMAPS LOD_FADE_CROSSFADE PROBE_VOLUMES_L1 PROBE_VOLUMES_L2 DOTS_INSTANCING_ON FOG_LINEAR FOG_EXP FOG_EXP2 INSTANCING_ON _NORMALMAP _PARALLAXMAP _RECEIVE_SHADOWS_OFF _DETAIL_MULX2 _DETAIL_SCALED _ADDITIONAL_LIGHT_SHADOWS _REFLECTION_PROBE_BLENDING _REFLECTION_PROBE_BOX_PROJECTION _REFLECTION_PROBE_ATLAS _SHADOWS_SOFT _SHADOWS_SOFT_LOW _SHADOWS_SOFT_MEDIUM _SHADOWS_SOFT_HIGH _SCREEN_SPACE_OCCLUSION _DBUFFER_MRT1 _DBUFFER_MRT2 _DBUFFER_MRT3 _LIGHT_COOKIES _WRITE_RENDERING_LAYERS LIGHTMAP_BICUBIC_SAMPLING DEBUG_DISPLAY _SURFACE_TYPE_TRANSPARENT _ALPHATEST_ON _ALPHAPREMULTIPLY_ON _ALPHAMODULATE_ON _EMISSION _METALLICSPECGLOSSMAP _SMOOTHNESS_TEXTURE_ALBEDO_CHANNEL_A _OCCLUSIONMAP _SPECULARHIGHLIGHTS_OFF _ENVIRONMENTREFLECTIONS_OFF _SPECULAR_SETUP _ALPHABLEND_ON _METALLICGLOSSMAP _GLOSSYREFLECTIONS_OFF DIRECTIONAL LIGHTPROBE_SH SHADOWS_SCREEN VERTEXLIGHT_ON _CASTING_PUNCTUAL_LIGHT_SHADOW POINT SPOT POINT_COOKIE DIRECTIONAL_COOKIE SHADOWS_DEPTH SHADOWS_SOFT SHADOWS_CUBE UNITY_HDR_ON EDITOR_VISUALIZATION _SPECGLOSSMAP
0x00007ffe235d03ce (Unity) StackWalker::ShowCallstack
0x00007ffe235dfe29 (Unity) PlatformStacktrace::GetStacktrace
0x00007ffe248584ae (Unity) Stacktrace::GetStacktrace
0x00007ffe24e2f32f (Unity) DebugStringToFile
0x00007ffe24e2eee9 (Unity) AssertImplementation
0x00007ffe232b0764 (Unity) keywords::LocalKeywordState::ReportMismatchingKeywordStateSize
0x00007ffe232b02b4 (Unity) keywords::LocalKeywordState::Remove
0x00007ffe232d0c1f (Unity) ShaderLab::Pass::ComputePassValuesHash
0x00007ffe2327b01c (Unity) Material::UpdateHashes
0x00007ffe232642d9 (Unity) Material::BuildProperties
0x00007ffe23261cf2 (Unity) Material::AcquireSharedMaterialData
0x00007ffe22da6fe0 (Unity) BaseRenderer::FlattenSharedMaterialData<0>
0x00007ffe22e7c4ec (Unity) IntermediateRenderer::AddAsRenderNode
0x00007ffe22e7c59a (Unity) MeshIntermediateRenderer::AddAsRenderNode
0x00007ffe22e56449 (Unity) PrepareRenderNodesOnMainThreadDeprecated
0x00007ffe22e56a6a (Unity) QueuePrepareIntegrateMainThreadObjects
0x00007ffe22e541fe (Unity) ExtractSceneRenderNodeQueue
0x00007ffe22e2b2c1 (Unity) CullResults::GetOrCreateSharedRendererScene
0x00007ffe230ba425 (Unity) CullScriptable
0x00007ffe226fcdcd (Unity) ScriptableRenderContext_CUSTOM_Internal_Cull
0x00000159ca4b8116 (Mono JIT Code) (wrapper managed-to-native) UnityEngine.Rendering.ScriptableRenderContext:Internal_Cull_Injected (UnityEngine.Rendering.ScriptableCullingParameters&,UnityEngine.Rendering.ScriptableRenderContext&,intptr)
0x00000159ca4b7fe3 (Mono JIT Code) UnityEngine.Rendering.ScriptableRenderContext:Internal_Cull (UnityEngine.Rendering.ScriptableCullingParameters&,UnityEngine.Rendering.ScriptableRenderContext,intptr)
0x00000159ca4b7dc3 (Mono JIT Code) UnityEngine.Rendering.ScriptableRenderContext:Cull (UnityEngine.Rendering.ScriptableCullingParameters&)
0x00000159ca4a1c03 (Mono JIT Code) UnityEngine.Rendering.Universal.UniversalRenderPipeline:RenderSingleCamera (UnityEngine.Rendering.ScriptableRenderContext,UnityEngine.Rendering.Universal.UniversalCameraData) (at ./Library/PackageCache/com.unity.render-pipelines.universal@cc5029882822/Runtime/UniversalRenderPipeline.cs:826)
0x00000159ca48dd6b (Mono JIT Code) UnityEngine.Rendering.Universal.UniversalRenderPipeline:RenderSingleCameraInternal (UnityEngine.Rendering.ScriptableRenderContext,UnityEngine.Camera,UnityEngine.Rendering.Universal.UniversalAdditionalCameraData&,bool) (at ./Library/PackageCache/com.unity.render-pipelines.universal@cc5029882822/Runtime/UniversalRenderPipeline.cs:691)
0x00000159ca48d38b (Mono JIT Code) UnityEngine.Rendering.Universal.UniversalRenderPipeline:RenderSingleCameraInternal (UnityEngine.Rendering.ScriptableRenderContext,UnityEngine.Camera,bool) (at ./Library/PackageCache/com.unity.render-pipelines.universal@cc5029882822/Runtime/UniversalRenderPipeline.cs:666)
0x00000159ca47639b (Mono JIT Code) UnityEngine.Rendering.Universal.UniversalRenderPipeline:Render (UnityEngine.Rendering.ScriptableRenderContext,System.Collections.Generic.List`1<UnityEngine.Camera>) (at ./Library/PackageCache/com.unity.render-pipelines.universal@cc5029882822/Runtime/UniversalRenderPipeline.cs:483)
0x00000159ca47551c (Mono JIT Code) UnityEngine.Rendering.RenderPipeline:InternalRender (UnityEngine.Rendering.ScriptableRenderContext,System.Collections.Generic.List`1<UnityEngine.Camera>)
0x00000159ca368b6b (Mono JIT Code) UnityEngine.Rendering.RenderPipelineManager:DoRenderLoop_Internal (UnityEngine.Rendering.RenderPipelineAsset,intptr,UnityEngine.Object,Unity.Collections.LowLevel.Unsafe.AtomicSafetyHandle)
0x00000159ca3690e5 (Mono JIT Code) (wrapper runtime-invoke) <Module>:runtime_invoke_void_object_intptr_object_AtomicSafetyHandle (object,intptr,intptr,intptr)
0x00007ffe21526e7e (mono-2.0-bdwgc) mono_jit_runtime_invoke (at C:/build/output/Unity-Technologies/mono/mono/mini/mini-runtime.c:3445)
0x00007ffe21468874 (mono-2.0-bdwgc) do_runtime_invoke (at C:/build/output/Unity-Technologies/mono/mono/metadata/object.c:3068)
0x00007ffe21468960 (mono-2.0-bdwgc) mono_runtime_invoke (at C:/build/output/Unity-Technologies/mono/mono/metadata/object.c:3115)
0x00007ffe234fafe4 (Unity) scripting_method_invoke
0x00007ffe234d3583 (Unity) ScriptingInvocation::Invoke
0x00007ffe234cec85 (Unity) ScriptingInvocation::Invoke<void>
0x00007ffe2364c6cf (Unity) Scripting::UnityEngine::Rendering::RenderPipelineManagerProxy::DoRenderLoop_Internal
0x00007ffe230c4f94 (Unity) ScriptableRenderContext::ExtractAndExecuteRenderPipeline
0x00007ffe22dee5ee (Unity) Camera::CustomRenderWithPipeline
0x00007ffe22dfbabd (Unity) Camera::StandaloneCustomRender
0x00007ffe22dfbd38 (Unity) Camera::StandaloneRender
0x00007ffe22df591f (Unity) CameraScripting::Render
0x00007ffe22630a59 (Unity) Camera_CUSTOM_Render
0x00000159ca3685c2 (Mono JIT Code) (wrapper managed-to-native) UnityEngine.Camera:Render_Injected (intptr)
0x00000159ca368493 (Mono JIT Code) UnityEngine.Camera:Render ()
0x00000159ca366f2b (Mono JIT Code) UnityEditor.PreviewRenderUtility:Render (bool,bool)
0x00000159ca689893 (Mono JIT Code) UnityEditor.MaterialEditor:DoRenderPreview (UnityEditor.PreviewRenderUtility,bool)
0x00000159ca6804ab (Mono JIT Code) UnityEditor.MaterialEditor:RenderStaticPreview (string,UnityEngine.Object[],int,int)
0x00000159c8fc784a (Mono JIT Code) UnityEditor.AssetPreviewUpdater:CreatePreview (UnityEngine.Object,UnityEngine.Object[],string,int,int)
0x00000159c8fc6ebb (Mono JIT Code) UnityEditor.AssetPreviewUpdater:CreatePreviewForAsset (UnityEngine.Object,UnityEngine.Object[],string)
0x00000159c8fc7120 (Mono JIT Code) (wrapper runtime-invoke) <Module>:runtime_invoke_object_object_object_object (object,intptr,intptr,intptr)
0x00007ffe21526e7e (mono-2.0-bdwgc) mono_jit_runtime_invoke (at C:/build/output/Unity-Technologies/mono/mono/mini/mini-runtime.c:3445)
0x00007ffe21468874 (mono-2.0-bdwgc) do_runtime_invoke (at C:/build/output/Unity-Technologies/mono/mono/metadata/object.c:3068)
0x00007ffe21468960 (mono-2.0-bdwgc) mono_runtime_invoke (at C:/build/output/Unity-Technologies/mono/mono/metadata/object.c:3115)
0x00007ffe234fafe4 (Unity) scripting_method_invoke
0x00007ffe234d3583 (Unity) ScriptingInvocation::Invoke
0x00007ffe249db28f (Unity) MonoCreateAssetPreview
0x00007ffe249dbf2a (Unity) WriteAssetPreviewToFile
0x00007ffe249dc3e9 (Unity) WritePreviews
0x00007ffe249d9f53 (Unity) PreviewImporter::GenerateAssetData
0x00007ffe24a3915e (Unity) ImportToObjects
0x00007ffe24a37fe2 (Unity) ImportAsset
0x00007ffe24a5be79 (Unity) AssetImportWorker::Import
0x00007ffe24ac95e3 (Unity) <lambda_87ac509f952b3a21fceb5af0e15c55b4>::operator()
0x00007ffe24b0860f (Unity) asio::detail::completion_handler<core::mutable_function<void __cdecl(void)>,asio::io_context::basic_executor_type<std::allocator<void>,0> >::do_complete
0x00007ffe24af5f01 (Unity) asio::detail::win_iocp_io_context::do_one
0x00007ffe24af7124 (Unity) asio::detail::win_iocp_io_context::run
0x00007ffe24b06c79 (Unity) IOService::Run
0x00007ffe24ad967f (Unity) AssetImportWorkerClient::Run
0x00007ffe24a9d771 (Unity) RunAssetImportWorkerClientV2
0x00007ffe24a9d7eb (Unity) RunAssetImporterV2
0x00007ffe24282180 (Unity) Application::InitializeProject
0x00007ffe24865c05 (Unity) UnityMain
0x00007ff775252f2a (Unity) __scrt_common_main_seh
0x00007fff413c7374 (KERNEL32) BaseThreadInitThunk
0x00007fff425dcc91 (ntdll) RtlUserThreadStart

State comes from an incompatible keyword space
Expected: From shader: 'Simulation/Standard Lit' Keyword count: 78 Keywords: STEREO_INSTANCING_ON UNITY_SINGLE_PASS_STEREO STEREO_MULTIVIEW_ON STEREO_CUBEMAP_RENDER_ON _MAIN_LIGHT_SHADOWS _MAIN_LIGHT_SHADOWS_CASCADE _MAIN_LIGHT_SHADOWS_SCREEN _ADDITIONAL_LIGHTS_VERTEX _ADDITIONAL_LIGHTS EVALUATE_SH_MIXED EVALUATE_SH_VERTEX _LIGHT_LAYERS _CLUSTER_LIGHT_LOOP _FOVEATED_RENDERING_NON_UNIFORM_RASTER LIGHTMAP_SHADOW_MIXING SHADOWS_SHADOWMASK DIRLIGHTMAP_COMBINED LIGHTMAP_ON DYNAMICLIGHTMAP_ON USE_LEGACY_LIGHTMAPS LOD_FADE_CROSSFADE PROBE_VOLUMES_L1 PROBE_VOLUMES_L2 DOTS_INSTANCING_ON FOG_LINEAR FOG_EXP FOG_EXP2 INSTANCING_ON _NORMALMAP _PARALLAXMAP _RECEIVE_SHADOWS_OFF _DETAIL_MULX2 _DETAIL_SCALED _ADDITIONAL_LIGHT_SHADOWS _REFLECTION_PROBE_BLENDING _REFLECTION_PROBE_BOX_PROJECTION _REFLECTION_PROBE_ATLAS _SHADOWS_SOFT _SHADOWS_SOFT_LOW _SHADOWS_SOFT_MEDIUM _SHADOWS_SOFT_HIGH _SCREEN_SPACE_OCCLUSION _DBUFFER_MRT1 _DBUFFER_MRT2 _DBUFFER_MRT3 _LIGHT_COOKIES _WRITE_RENDERING_LAYERS LIGHTMAP_BICUBIC_SAMPLING DEBUG_DISPLAY _SURFACE_TYPE_TRANSPARENT _ALPHATEST_ON _ALPHAPREMULTIPLY_ON _ALPHAMODULATE_ON _EMISSION _METALLICSPECGLOSSMAP _SMOOTHNESS_TEXTURE_ALBEDO_CHANNEL_A _OCCLUSIONMAP _SPECULARHIGHLIGHTS_OFF _ENVIRONMENTREFLECTIONS_OFF _SPECULAR_SETUP _ALPHABLEND_ON _METALLICGLOSSMAP _GLOSSYREFLECTIONS_OFF DIRECTIONAL LIGHTPROBE_SH SHADOWS_SCREEN VERTEXLIGHT_ON _CASTING_PUNCTUAL_LIGHT_SHADOW POINT SPOT POINT_COOKIE DIRECTIONAL_COOKIE SHADOWS_DEPTH SHADOWS_SOFT SHADOWS_CUBE UNITY_HDR_ON EDITOR_VISUALIZATION _SPECGLOSSMAP
Actual: From shader: 'Universal Render Pipeline/Lit' Keyword count: 66 Keywords: STEREO_INSTANCING_ON UNITY_SINGLE_PASS_STEREO STEREO_MULTIVIEW_ON STEREO_CUBEMAP_RENDER_ON _MAIN_LIGHT_SHADOWS _MAIN_LIGHT_SHADOWS_CASCADE _MAIN_LIGHT_SHADOWS_SCREEN _ADDITIONAL_LIGHTS_VERTEX _ADDITIONAL_LIGHTS EVALUATE_SH_MIXED EVALUATE_SH_VERTEX _LIGHT_LAYERS _CLUSTER_LIGHT_LOOP _FOVEATED_RENDERING_NON_UNIFORM_RASTER LIGHTMAP_SHADOW_MIXING SHADOWS_SHADOWMASK DIRLIGHTMAP_COMBINED LIGHTMAP_ON DYNAMICLIGHTMAP_ON USE_LEGACY_LIGHTMAPS LOD_FADE_CROSSFADE PROBE_VOLUMES_L1 PROBE_VOLUMES_L2 DOTS_INSTANCING_ON FOG_LINEAR FOG_EXP FOG_EXP2 INSTANCING_ON _NORMALMAP _PARALLAXMAP _RECEIVE_SHADOWS_OFF _DETAIL_MULX2 _DETAIL_SCALED _ADDITIONAL_LIGHT_SHADOWS _REFLECTION_PROBE_BLENDING _REFLECTION_PROBE_BOX_PROJECTION _REFLECTION_PROBE_ATLAS _SHADOWS_SOFT _SHADOWS_SOFT_LOW _SHADOWS_SOFT_MEDIUM _SHADOWS_SOFT_HIGH _SCREEN_SPACE_OCCLUSION _DBUFFER_MRT1 _DBUFFER_MRT2 _DBUFFER_MRT3 _LIGHT_COOKIES _WRITE_RENDERING_LAYERS LIGHTMAP_BICUBIC_SAMPLING DEBUG_DISPLAY _SURFACE_TYPE_TRANSPARENT _ALPHATEST_ON _ALPHAPREMULTIPLY_ON _ALPHAMODULATE_ON _EMISSION _METALLICSPECGLOSSMAP _SMOOTHNESS_TEXTURE_ALBEDO_CHANNEL_A _OCCLUSIONMAP _SPECULARHIGHLIGHTS_OFF _ENVIRONMENTREFLECTIONS_OFF _SPECULAR_SETUP _CASTING_PUNCTUAL_LIGHT_SHADOW _RENDER_PASS_ENABLED _GBUFFER_NORMALS_OCT EDITOR_VISUALIZATION _SPECGLOSSMAP _ADD_PRECOMPUTED_VELOCITY
0x00007ffe235d03ce (Unity) StackWalker::ShowCallstack
0x00007ffe235dfe29 (Unity) PlatformStacktrace::GetStacktrace
0x00007ffe248584ae (Unity) Stacktrace::GetStacktrace
0x00007ffe24e2f32f (Unity) DebugStringToFile
0x00007ffe24e2eee9 (Unity) AssertImplementation
0x00007ffe232b0480 (Unity) keywords::LocalKeywordState::ReportIncompatibleKeywordSpace
0x00007ffe232b029f (Unity) keywords::LocalKeywordState::Remove
0x00007ffe232d0c1f (Unity) ShaderLab::Pass::ComputePassValuesHash
0x00007ffe2327b01c (Unity) Material::UpdateHashes
0x00007ffe23261d29 (Unity) Material::AcquireSharedMaterialData
0x00007ffe22da6fe0 (Unity) BaseRenderer::FlattenSharedMaterialData<0>
0x00007ffe22e7c4ec (Unity) IntermediateRenderer::AddAsRenderNode
0x00007ffe22e7c59a (Unity) MeshIntermediateRenderer::AddAsRenderNode
0x00007ffe22e56449 (Unity) PrepareRenderNodesOnMainThreadDeprecated
0x00007ffe22e56a6a (Unity) QueuePrepareIntegrateMainThreadObjects
0x00007ffe22e541fe (Unity) ExtractSceneRenderNodeQueue
0x00007ffe22e2b2c1 (Unity) CullResults::GetOrCreateSharedRendererScene
0x00007ffe230ba425 (Unity) CullScriptable
0x00007ffe226fcdcd (Unity) ScriptableRenderContext_CUSTOM_Internal_Cull
0x00000159ca4b8116 (Mono JIT Code) (wrapper managed-to-native) UnityEngine.Rendering.ScriptableRenderContext:Internal_Cull_Injected (UnityEngine.Rendering.ScriptableCullingParameters&,UnityEngine.Rendering.ScriptableRenderContext&,intptr)
0x00000159ca4b7fe3 (Mono JIT Code) UnityEngine.Rendering.ScriptableRenderContext:Internal_Cull (UnityEngine.Rendering.ScriptableCullingParameters&,UnityEngine.Rendering.ScriptableRenderContext,intptr)
0x00000159ca4b7dc3 (Mono JIT Code) UnityEngine.Rendering.ScriptableRenderContext:Cull (UnityEngine.Rendering.ScriptableCullingParameters&)
0x00000159ca4a1c03 (Mono JIT Code) UnityEngine.Rendering.Universal.UniversalRenderPipeline:RenderSingleCamera (UnityEngine.Rendering.ScriptableRenderContext,UnityEngine.Rendering.Universal.UniversalCameraData) (at ./Library/PackageCache/com.unity.render-pipelines.universal@cc5029882822/Runtime/UniversalRenderPipeline.cs:826)
0x00000159ca48dd6b (Mono JIT Code) UnityEngine.Rendering.Universal.UniversalRenderPipeline:RenderSingleCameraInternal (UnityEngine.Rendering.ScriptableRenderContext,UnityEngine.Camera,UnityEngine.Rendering.Universal.UniversalAdditionalCameraData&,bool) (at ./Library/PackageCache/com.unity.render-pipelines.universal@cc5029882822/Runtime/UniversalRenderPipeline.cs:691)
0x00000159ca48d38b (Mono JIT Code) UnityEngine.Rendering.Universal.UniversalRenderPipeline:RenderSingleCameraInternal (UnityEngine.Rendering.ScriptableRenderContext,UnityEngine.Camera,bool) (at ./Library/PackageCache/com.unity.render-pipelines.universal@cc5029882822/Runtime/UniversalRenderPipeline.cs:666)
0x00000159ca47639b (Mono JIT Code) UnityEngine.Rendering.Universal.UniversalRenderPipeline:Render (UnityEngine.Rendering.ScriptableRenderContext,System.Collections.Generic.List`1<UnityEngine.Camera>) (at ./Library/PackageCache/com.unity.render-pipelines.universal@cc5029882822/Runtime/UniversalRenderPipeline.cs:483)
0x00000159ca47551c (Mono JIT Code) UnityEngine.Rendering.RenderPipeline:InternalRender (UnityEngine.Rendering.ScriptableRenderContext,System.Collections.Generic.List`1<UnityEngine.Camera>)
0x00000159ca368b6b (Mono JIT Code) UnityEngine.Rendering.RenderPipelineManager:DoRenderLoop_Internal (UnityEngine.Rendering.RenderPipelineAsset,intptr,UnityEngine.Object,Unity.Collections.LowLevel.Unsafe.AtomicSafetyHandle)
0x00000159ca3690e5 (Mono JIT Code) (wrapper runtime-invoke) <Module>:runtime_invoke_void_object_intptr_object_AtomicSafetyHandle (object,intptr,intptr,intptr)
0x00007ffe21526e7e (mono-2.0-bdwgc) mono_jit_runtime_invoke (at C:/build/output/Unity-Technologies/mono/mono/mini/mini-runtime.c:3445)
0x00007ffe21468874 (mono-2.0-bdwgc) do_runtime_invoke (at C:/build/output/Unity-Technologies/mono/mono/metadata/object.c:3068)
0x00007ffe21468960 (mono-2.0-bdwgc) mono_runtime_invoke (at C:/build/output/Unity-Technologies/mono/mono/metadata/object.c:3115)
0x00007ffe234fafe4 (Unity) scripting_method_invoke
0x00007ffe234d3583 (Unity) ScriptingInvocation::Invoke
0x00007ffe234cec85 (Unity) ScriptingInvocation::Invoke<void>
0x00007ffe2364c6cf (Unity) Scripting::UnityEngine::Rendering::RenderPipelineManagerProxy::DoRenderLoop_Internal
0x00007ffe230c4f94 (Unity) ScriptableRenderContext::ExtractAndExecuteRenderPipeline
0x00007ffe22dee5ee (Unity) Camera::CustomRenderWithPipeline
0x00007ffe22dfbabd (Unity) Camera::StandaloneCustomRender
0x00007ffe22dfbd38 (Unity) Camera::StandaloneRender
0x00007ffe22df591f (Unity) CameraScripting::Render
0x00007ffe22630a59 (Unity) Camera_CUSTOM_Render
0x00000159ca3685c2 (Mono JIT Code) (wrapper managed-to-native) UnityEngine.Camera:Render_Injected (intptr)
0x00000159ca368493 (Mono JIT Code) UnityEngine.Camera:Render ()
0x00000159ca366f2b (Mono JIT Code) UnityEditor.PreviewRenderUtility:Render (bool,bool)
0x00000159ca689893 (Mono JIT Code) UnityEditor.MaterialEditor:DoRenderPreview (UnityEditor.PreviewRenderUtility,bool)
0x00000159ca6804ab (Mono JIT Code) UnityEditor.MaterialEditor:RenderStaticPreview (string,UnityEngine.Object[],int,int)
0x00000159c8fc784a (Mono JIT Code) UnityEditor.AssetPreviewUpdater:CreatePreview (UnityEngine.Object,UnityEngine.Object[],string,int,int)
0x00000159c8fc6ebb (Mono JIT Code) UnityEditor.AssetPreviewUpdater:CreatePreviewForAsset (UnityEngine.Object,UnityEngine.Object[],string)
0x00000159c8fc7120 (Mono JIT Code) (wrapper runtime-invoke) <Module>:runtime_invoke_object_object_object_object (object,intptr,intptr,intptr)
0x00007ffe21526e7e (mono-2.0-bdwgc) mono_jit_runtime_invoke (at C:/build/output/Unity-Technologies/mono/mono/mini/mini-runtime.c:3445)
0x00007ffe21468874 (mono-2.0-bdwgc) do_runtime_invoke (at C:/build/output/Unity-Technologies/mono/mono/metadata/object.c:3068)
0x00007ffe21468960 (mono-2.0-bdwgc) mono_runtime_invoke (at C:/build/output/Unity-Technologies/mono/mono/metadata/object.c:3115)
0x00007ffe234fafe4 (Unity) scripting_method_invoke
0x00007ffe234d3583 (Unity) ScriptingInvocation::Invoke
0x00007ffe249db28f (Unity) MonoCreateAssetPreview
0x00007ffe249dbf2a (Unity) WriteAssetPreviewToFile
0x00007ffe249dc3e9 (Unity) WritePreviews
0x00007ffe249d9f53 (Unity) PreviewImporter::GenerateAssetData
0x00007ffe24a3915e (Unity) ImportToObjects
0x00007ffe24a37fe2 (Unity) ImportAsset
0x00007ffe24a5be79 (Unity) AssetImportWorker::Import
0x00007ffe24ac95e3 (Unity) <lambda_87ac509f952b3a21fceb5af0e15c55b4>::operator()
0x00007ffe24b0860f (Unity) asio::detail::completion_handler<core::mutable_function<void __cdecl(void)>,asio::io_context::basic_executor_type<std::allocator<void>,0> >::do_complete
0x00007ffe24af5f01 (Unity) asio::detail::win_iocp_io_context::do_one
0x00007ffe24af7124 (Unity) asio::detail::win_iocp_io_context::run
0x00007ffe24b06c79 (Unity) IOService::Run
0x00007ffe24ad967f (Unity) AssetImportWorkerClient::Run
0x00007ffe24a9d771 (Unity) RunAssetImportWorkerClientV2
0x00007ffe24a9d7eb (Unity) RunAssetImporterV2
0x00007ffe24282180 (Unity) Application::InitializeProject
0x00007ffe24865c05 (Unity) UnityMain
0x00007ff775252f2a (Unity) __scrt_common_main_seh
0x00007fff413c7374 (KERNEL32) BaseThreadInitThunk
0x00007fff425dcc91 (ntdll) RtlUserThreadStart

Keyword state size mismatch (78 vs 66 keywords)
KeywordSpace: From shader: 'Simulation/Standard Lit' Keyword count: 78 Keywords: STEREO_INSTANCING_ON UNITY_SINGLE_PASS_STEREO STEREO_MULTIVIEW_ON STEREO_CUBEMAP_RENDER_ON _MAIN_LIGHT_SHADOWS _MAIN_LIGHT_SHADOWS_CASCADE _MAIN_LIGHT_SHADOWS_SCREEN _ADDITIONAL_LIGHTS_VERTEX _ADDITIONAL_LIGHTS EVALUATE_SH_MIXED EVALUATE_SH_VERTEX _LIGHT_LAYERS _CLUSTER_LIGHT_LOOP _FOVEATED_RENDERING_NON_UNIFORM_RASTER LIGHTMAP_SHADOW_MIXING SHADOWS_SHADOWMASK DIRLIGHTMAP_COMBINED LIGHTMAP_ON DYNAMICLIGHTMAP_ON USE_LEGACY_LIGHTMAPS LOD_FADE_CROSSFADE PROBE_VOLUMES_L1 PROBE_VOLUMES_L2 DOTS_INSTANCING_ON FOG_LINEAR FOG_EXP FOG_EXP2 INSTANCING_ON _NORMALMAP _PARALLAXMAP _RECEIVE_SHADOWS_OFF _DETAIL_MULX2 _DETAIL_SCALED _ADDITIONAL_LIGHT_SHADOWS _REFLECTION_PROBE_BLENDING _REFLECTION_PROBE_BOX_PROJECTION _REFLECTION_PROBE_ATLAS _SHADOWS_SOFT _SHADOWS_SOFT_LOW _SHADOWS_SOFT_MEDIUM _SHADOWS_SOFT_HIGH _SCREEN_SPACE_OCCLUSION _DBUFFER_MRT1 _DBUFFER_MRT2 _DBUFFER_MRT3 _LIGHT_COOKIES _WRITE_RENDERING_LAYERS LIGHTMAP_BICUBIC_SAMPLING DEBUG_DISPLAY _SURFACE_TYPE_TRANSPARENT _ALPHATEST_ON _ALPHAPREMULTIPLY_ON _ALPHAMODULATE_ON _EMISSION _METALLICSPECGLOSSMAP _SMOOTHNESS_TEXTURE_ALBEDO_CHANNEL_A _OCCLUSIONMAP _SPECULARHIGHLIGHTS_OFF _ENVIRONMENTREFLECTIONS_OFF _SPECULAR_SETUP _ALPHABLEND_ON _METALLICGLOSSMAP _GLOSSYREFLECTIONS_OFF DIRECTIONAL LIGHTPROBE_SH SHADOWS_SCREEN VERTEXLIGHT_ON _CASTING_PUNCTUAL_LIGHT_SHADOW POINT SPOT POINT_COOKIE DIRECTIONAL_COOKIE SHADOWS_DEPTH SHADOWS_SOFT SHADOWS_CUBE UNITY_HDR_ON EDITOR_VISUALIZATION _SPECGLOSSMAP
0x00007ffe235d03ce (Unity) StackWalker::ShowCallstack
0x00007ffe235dfe29 (Unity) PlatformStacktrace::GetStacktrace
0x00007ffe248584ae (Unity) Stacktrace::GetStacktrace
0x00007ffe24e2f32f (Unity) DebugStringToFile
0x00007ffe24e2eee9 (Unity) AssertImplementation
0x00007ffe232b0764 (Unity) keywords::LocalKeywordState::ReportMismatchingKeywordStateSize
0x00007ffe232b02b4 (Unity) keywords::LocalKeywordState::Remove
0x00007ffe232d0c1f (Unity) ShaderLab::Pass::ComputePassValuesHash
0x00007ffe2327b01c (Unity) Material::UpdateHashes
0x00007ffe23261d29 (Unity) Material::AcquireSharedMaterialData
0x00007ffe22da6fe0 (Unity) BaseRenderer::FlattenSharedMaterialData<0>
0x00007ffe22e7c4ec (Unity) IntermediateRenderer::AddAsRenderNode
0x00007ffe22e7c59a (Unity) MeshIntermediateRenderer::AddAsRenderNode
0x00007ffe22e56449 (Unity) PrepareRenderNodesOnMainThreadDeprecated
0x00007ffe22e56a6a (Unity) QueuePrepareIntegrateMainThreadObjects
0x00007ffe22e541fe (Unity) ExtractSceneRenderNodeQueue
0x00007ffe22e2b2c1 (Unity) CullResults::GetOrCreateSharedRendererScene
0x00007ffe230ba425 (Unity) CullScriptable
0x00007ffe226fcdcd (Unity) ScriptableRenderContext_CUSTOM_Internal_Cull
0x00000159ca4b8116 (Mono JIT Code) (wrapper managed-to-native) UnityEngine.Rendering.ScriptableRenderContext:Internal_Cull_Injected (UnityEngine.Rendering.ScriptableCullingParameters&,UnityEngine.Rendering.ScriptableRenderContext&,intptr)
0x00000159ca4b7fe3 (Mono JIT Code) UnityEngine.Rendering.ScriptableRenderContext:Internal_Cull (UnityEngine.Rendering.ScriptableCullingParameters&,UnityEngine.Rendering.ScriptableRenderContext,intptr)
0x00000159ca4b7dc3 (Mono JIT Code) UnityEngine.Rendering.ScriptableRenderContext:Cull (UnityEngine.Rendering.ScriptableCullingParameters&)
0x00000159ca4a1c03 (Mono JIT Code) UnityEngine.Rendering.Universal.UniversalRenderPipeline:RenderSingleCamera (UnityEngine.Rendering.ScriptableRenderContext,UnityEngine.Rendering.Universal.UniversalCameraData) (at ./Library/PackageCache/com.unity.render-pipelines.universal@cc5029882822/Runtime/UniversalRenderPipeline.cs:826)
0x00000159ca48dd6b (Mono JIT Code) UnityEngine.Rendering.Universal.UniversalRenderPipeline:RenderSingleCameraInternal (UnityEngine.Rendering.ScriptableRenderContext,UnityEngine.Camera,UnityEngine.Rendering.Universal.UniversalAdditionalCameraData&,bool) (at ./Library/PackageCache/com.unity.render-pipelines.universal@cc5029882822/Runtime/UniversalRenderPipeline.cs:691)
0x00000159ca48d38b (Mono JIT Code) UnityEngine.Rendering.Universal.UniversalRenderPipeline:RenderSingleCameraInternal (UnityEngine.Rendering.ScriptableRenderContext,UnityEngine.Camera,bool) (at ./Library/PackageCache/com.unity.render-pipelines.universal@cc5029882822/Runtime/UniversalRenderPipeline.cs:666)
0x00000159ca47639b (Mono JIT Code) UnityEngine.Rendering.Universal.UniversalRenderPipeline:Render (UnityEngine.Rendering.ScriptableRenderContext,System.Collections.Generic.List`1<UnityEngine.Camera>) (at ./Library/PackageCache/com.unity.render-pipelines.universal@cc5029882822/Runtime/UniversalRenderPipeline.cs:483)
0x00000159ca47551c (Mono JIT Code) UnityEngine.Rendering.RenderPipeline:InternalRender (UnityEngine.Rendering.ScriptableRenderContext,System.Collections.Generic.List`1<UnityEngine.Camera>)
0x00000159ca368b6b (Mono JIT Code) UnityEngine.Rendering.RenderPipelineManager:DoRenderLoop_Internal (UnityEngine.Rendering.RenderPipelineAsset,intptr,UnityEngine.Object,Unity.Collections.LowLevel.Unsafe.AtomicSafetyHandle)
0x00000159ca3690e5 (Mono JIT Code) (wrapper runtime-invoke) <Module>:runtime_invoke_void_object_intptr_object_AtomicSafetyHandle (object,intptr,intptr,intptr)
0x00007ffe21526e7e (mono-2.0-bdwgc) mono_jit_runtime_invoke (at C:/build/output/Unity-Technologies/mono/mono/mini/mini-runtime.c:3445)
0x00007ffe21468874 (mono-2.0-bdwgc) do_runtime_invoke (at C:/build/output/Unity-Technologies/mono/mono/metadata/object.c:3068)
0x00007ffe21468960 (mono-2.0-bdwgc) mono_runtime_invoke (at C:/build/output/Unity-Technologies/mono/mono/metadata/object.c:3115)
0x00007ffe234fafe4 (Unity) scripting_method_invoke
0x00007ffe234d3583 (Unity) ScriptingInvocation::Invoke
0x00007ffe234cec85 (Unity) ScriptingInvocation::Invoke<void>
0x00007ffe2364c6cf (Unity) Scripting::UnityEngine::Rendering::RenderPipelineManagerProxy::DoRenderLoop_Internal
0x00007ffe230c4f94 (Unity) ScriptableRenderContext::ExtractAndExecuteRenderPipeline
0x00007ffe22dee5ee (Unity) Camera::CustomRenderWithPipeline
0x00007ffe22dfbabd (Unity) Camera::StandaloneCustomRender
0x00007ffe22dfbd38 (Unity) Camera::StandaloneRender
0x00007ffe22df591f (Unity) CameraScripting::Render
0x00007ffe22630a59 (Unity) Camera_CUSTOM_Render
0x00000159ca3685c2 (Mono JIT Code) (wrapper managed-to-native) UnityEngine.Camera:Render_Injected (intptr)
0x00000159ca368493 (Mono JIT Code) UnityEngine.Camera:Render ()
0x00000159ca366f2b (Mono JIT Code) UnityEditor.PreviewRenderUtility:Render (bool,bool)
0x00000159ca689893 (Mono JIT Code) UnityEditor.MaterialEditor:DoRenderPreview (UnityEditor.PreviewRenderUtility,bool)
0x00000159ca6804ab (Mono JIT Code) UnityEditor.MaterialEditor:RenderStaticPreview (string,UnityEngine.Object[],int,int)
0x00000159c8fc784a (Mono JIT Code) UnityEditor.AssetPreviewUpdater:CreatePreview (UnityEngine.Object,UnityEngine.Object[],string,int,int)
0x00000159c8fc6ebb (Mono JIT Code) UnityEditor.AssetPreviewUpdater:CreatePreviewForAsset (UnityEngine.Object,UnityEngine.Object[],string)
0x00000159c8fc7120 (Mono JIT Code) (wrapper runtime-invoke) <Module>:runtime_invoke_object_object_object_object (object,intptr,intptr,intptr)
0x00007ffe21526e7e (mono-2.0-bdwgc) mono_jit_runtime_invoke (at C:/build/output/Unity-Technologies/mono/mono/mini/mini-runtime.c:3445)
0x00007ffe21468874 (mono-2.0-bdwgc) do_runtime_invoke (at C:/build/output/Unity-Technologies/mono/mono/metadata/object.c:3068)
0x00007ffe21468960 (mono-2.0-bdwgc) mono_runtime_invoke (at C:/build/output/Unity-Technologies/mono/mono/metadata/object.c:3115)
0x00007ffe234fafe4 (Unity) scripting_method_invoke
0x00007ffe234d3583 (Unity) ScriptingInvocation::Invoke
0x00007ffe249db28f (Unity) MonoCreateAssetPreview
0x00007ffe249dbf2a (Unity) WriteAssetPreviewToFile
0x00007ffe249dc3e9 (Unity) WritePreviews
0x00007ffe249d9f53 (Unity) PreviewImporter::GenerateAssetData
0x00007ffe24a3915e (Unity) ImportToObjects
0x00007ffe24a37fe2 (Unity) ImportAsset
0x00007ffe24a5be79 (Unity) AssetImportWorker::Import
0x00007ffe24ac95e3 (Unity) <lambda_87ac509f952b3a21fceb5af0e15c55b4>::operator()
0x00007ffe24b0860f (Unity) asio::detail::completion_handler<core::mutable_function<void __cdecl(void)>,asio::io_context::basic_executor_type<std::allocator<void>,0> >::do_complete
0x00007ffe24af5f01 (Unity) asio::detail::win_iocp_io_context::do_one
0x00007ffe24af7124 (Unity) asio::detail::win_iocp_io_context::run
0x00007ffe24b06c79 (Unity) IOService::Run
0x00007ffe24ad967f (Unity) AssetImportWorkerClient::Run
0x00007ffe24a9d771 (Unity) RunAssetImportWorkerClientV2
0x00007ffe24a9d7eb (Unity) RunAssetImporterV2
0x00007ffe24282180 (Unity) Application::InitializeProject
0x00007ffe24865c05 (Unity) UnityMain
0x00007ff775252f2a (Unity) __scrt_common_main_seh
0x00007fff413c7374 (KERNEL32) BaseThreadInitThunk
0x00007fff425dcc91 (ntdll) RtlUserThreadStart

 -> (artifact id: 'a63a5bfdd86ba1e052a06a0d9205f9ce') in 0.2808107 seconds
Number of updated asset objects reloaded before import = 0Number of asset objects unloaded after import = 3

========================================================================
Received Import Request.
  Time since last request: 0.000040 seconds.
  path: Packages/com.unity.render-pipelines.universal/Editor/SceneTemplates/Standard/Materials/Black.mat
  artifactKey: Guid(4f1ef37ae953c484bbc5d5e4049147e5) Importer(815301076,1909f56bfc062723c751e8b465ee728b)
Start importing Packages/com.unity.render-pipelines.universal/Editor/SceneTemplates/Standard/Materials/Black.mat using Guid(4f1ef37ae953c484bbc5d5e4049147e5) Importer(815301076,1909f56bfc062723c751e8b465ee728b) (PreviewImporter) -> (artifact id: 'c9464fc291e0efc93bfa2572b9486d8c') in 0.02348 seconds
Number of updated asset objects reloaded before import = 0Number of asset objects unloaded after import = 1

========================================================================
Received Import Request.
  Time since last request: 0.000037 seconds.
  path: Assets/Samples/XR Interaction Toolkit/3.2.2/Starter Assets/DemoSceneAssets/Materials/Concrete Light Blue.mat
  artifactKey: Guid(830d28b607e09a2479e2005c2eb5c75e) Importer(815301076,1909f56bfc062723c751e8b465ee728b)
Start importing Assets/Samples/XR Interaction Toolkit/3.2.2/Starter Assets/DemoSceneAssets/Materials/Concrete Light Blue.mat using Guid(830d28b607e09a2479e2005c2eb5c75e) Importer(815301076,1909f56bfc062723c751e8b465ee728b) (PreviewImporter) -> (artifact id: '6267715185ef168b28e8093ce2118aa3') in 1.912578 seconds
Number of updated asset objects reloaded before import = 0Number of asset objects unloaded after import = 3

========================================================================
Received Prepare
WARNING: Shader Unsupported: 'Hidden/Simulation/URP/Synthetic' - All subshaders removed
WARNING: Shader Did you use #pragma only_renderers and omit this platform?
WARNING: Shader If subshaders removal was intentional, you may have forgotten turning Fallback off?
WARNING: Shader Unsupported: 'Hidden/Simulation/URP/Synthetic' - All subshaders removed
WARNING: Shader Did you use #pragma only_renderers and omit this platform?
WARNING: Shader If subshaders removal was intentional, you may have forgotten turning Fallback off?
WARNING: Shader Unsupported: 'Hidden/Simulation/Synthetic Lit' - All subshaders removed
WARNING: Shader Did you use #pragma only_renderers and omit this platform?
WARNING: Shader If subshaders removal was intentional, you may have forgotten turning Fallback off?
WARNING: Shader Unsupported: 'Hidden/Simulation/Synthetic Lit' - All subshaders removed
WARNING: Shader Did you use #pragma only_renderers and omit this platform?
WARNING: Shader If subshaders removal was intentional, you may have forgotten turning Fallback off?
WARNING: Shader Unsupported: 'Simulation/Standard Lit' - All subshaders removed
WARNING: Shader Did you use #pragma only_renderers and omit this platform?
WARNING: Shader If subshaders removal was intentional, you may have forgotten turning Fallback off?
WARNING: Shader Unsupported: 'Simulation/Standard Lit' - All subshaders removed
WARNING: Shader Did you use #pragma only_renderers and omit this platform?
WARNING: Shader If subshaders removal was intentional, you may have forgotten turning Fallback off?
WARNING: Shader Unsupported: 'Simulation/URP/Room X-Ray' - All subshaders removed
WARNING: Shader Did you use #pragma only_renderers and omit this platform?
WARNING: Shader If subshaders removal was intentional, you may have forgotten turning Fallback off?
WARNING: Shader Unsupported: 'Simulation/URP/Room X-Ray' - All subshaders removed
WARNING: Shader Did you use #pragma only_renderers and omit this platform?
WARNING: Shader If subshaders removal was intentional, you may have forgotten turning Fallback off?
WARNING: Shader Unsupported: 'Simulation/Room X-Ray' - All subshaders removed
WARNING: Shader Did you use #pragma only_renderers and omit this platform?
WARNING: Shader If subshaders removal was intentional, you may have forgotten turning Fallback off?
WARNING: Shader Unsupported: 'Simulation/Room X-Ray' - All subshaders removed
WARNING: Shader Did you use #pragma only_renderers and omit this platform?
WARNING: Shader If subshaders removal was intentional, you may have forgotten turning Fallback off?
WARNING: Shader Unsupported: 'Simulation/URP/Lit' - All subshaders removed
WARNING: Shader Did you use #pragma only_renderers and omit this platform?
WARNING: Shader If subshaders removal was intentional, you may have forgotten turning Fallback off?
WARNING: Shader Unsupported: 'Simulation/URP/Lit' - All subshaders removed
WARNING: Shader Did you use #pragma only_renderers and omit this platform?
WARNING: Shader If subshaders removal was intentional, you may have forgotten turning Fallback off?
Refreshing native plugins compatible for Editor in 24.56 ms, found 14 plugins.
Preloading 1 native plugins for Editor in 0.13 ms.
Unloading 25 Unused Serialized files (Serialized files now loaded: 0)
Unloading 7715 unused Assets / (9.0 MB). Loaded Objects now: 8680.
Memory consumption went from 174.6 MB to 165.6 MB.
Total: 23.947600 ms (FindLiveObjects: 0.985300 ms CreateObjectMapping: 1.480600 ms MarkObjects: 13.254000 ms  DeleteObjects: 8.225200 ms)

Prepare: number of updated asset objects reloaded= 0
========================================================================
Received Prepare
[Licensing::Client] Successfully resolved entitlement details
Begin MonoManager ReloadAssembly
[Licensing::Client] Successfully resolved entitlement details
- Loaded All Assemblies, in  1.594 seconds
Refreshing native plugins compatible for Editor in 25.02 ms, found 14 plugins.
Native extension for Android target not found
Native extension for WindowsStandalone target not found
[Package Manager] Failed to launch server process. Reason: Unity was launched with the -noUpm command-line argument
[Package Manager] Unable to send message (not connected to server process).
[Package Manager] Cannot connect to Unity Package Manager local server
[Package Manager] Failed to launch server process. Reason: Unity was launched with the -noUpm command-line argument
[Package Manager] Unable to send message (not connected to server process).
[Package Manager] Cannot connect to Unity Package Manager local server
System.Reflection.TargetInvocationException: Exception has been thrown by the target of an invocation. ---> System.NullReferenceException: Object reference not set to an instance of an object
  at Unity.XR.Oculus.OculusLoader.AssetPathToAbsolutePath (System.String assetPath) [0x00041] in .\Library\PackageCache\com.unity.xr.oculus@44578ba4bd45\Runtime\OculusLoader.cs:312 
  at Unity.XR.Oculus.OculusLoader.EditorLoadOVRPlugin () [0x000dd] in .\Library\PackageCache\com.unity.xr.oculus@44578ba4bd45\Runtime\OculusLoader.cs:297 
  at (wrapper managed-to-native) System.Reflection.RuntimeMethodInfo.InternalInvoke(System.Reflection.RuntimeMethodInfo,object,object[],System.Exception&)
  at System.Reflection.RuntimeMethodInfo.Invoke (System.Object obj, System.Reflection.BindingFlags invokeAttr, System.Reflection.Binder binder, System.Object[] parameters, System.Globalization.CultureInfo culture) [0x0006a] in <715c8f689fc74561a4fef078d73c94aa>:0 
   --- End of inner exception stack trace ---
  at System.Reflection.RuntimeMethodInfo.Invoke (System.Object obj, System.Reflection.BindingFlags invokeAttr, System.Reflection.Binder binder, System.Object[] parameters, System.Globalization.CultureInfo culture) [0x00083] in <715c8f689fc74561a4fef078d73c94aa>:0 
  at System.Reflection.MethodBase.Invoke (System.Object obj, System.Object[] parameters) [0x00000] in <715c8f689fc74561a4fef078d73c94aa>:0 
  at UnityEditor.EditorAssemblies.ProcessInitializeOnLoadMethodAttributes () [0x00087] in <f255d7ad41bf4adf8576cc6ca3827ea0>:0 
UnityEngine.Debug:ExtractStackTraceNoAlloc (byte*,int,string)
UnityEngine.StackTraceUtility:ExtractStackTrace ()
UnityEngine.DebugLogHandler:Internal_Log (UnityEngine.LogType,UnityEngine.LogOption,string,UnityEngine.Object)
UnityEngine.DebugLogHandler:LogFormat (UnityEngine.LogType,UnityEngine.Object,string,object[])
UnityEngine.Logger:Log (UnityEngine.LogType,object)
UnityEngine.Debug:LogError (object)
UnityEditor.EditorAssemblies:ProcessInitializeOnLoadMethodAttributes ()

Mono: successfully reloaded assembly
[Package Manager] Failed to launch server process. Reason: Unity was launched with the -noUpm command-line argument
[Package Manager] Unable to send message (not connected to server process).
[Package Manager] Cannot connect to Unity Package Manager local server
- Finished resetting the current domain, in  1.402 seconds
Domain Reload Profiling: 2978ms
	BeginReloadAssembly (437ms)
		ExecutionOrderSort (0ms)
		DisableScriptedObjects (30ms)
		BackupInstance (0ms)
		ReleaseScriptingObjects (0ms)
		CreateAndSetChildDomain (125ms)
	RebuildCommonClasses (50ms)
	RebuildNativeTypeToScriptingClass (19ms)
	initialDomainReloadingComplete (60ms)
	LoadAllAssembliesAndSetupDomain (1009ms)
		LoadAssemblies (878ms)
		RebuildTransferFunctionScriptingTraits (0ms)
		AnalyzeDomain (296ms)
			TypeCache.Refresh (12ms)
				TypeCache.ScanAssembly (1ms)
			BuildScriptInfoCaches (254ms)
			ResolveRequiredComponents (25ms)
	FinalizeReload (1403ms)
		ReleaseScriptCaches (0ms)
		RebuildScriptCaches (0ms)
		SetupLoadedEditorAssemblies (1128ms)
			LogAssemblyErrors (0ms)
			InitializePlatformSupportModulesInManaged (13ms)
			SetLoadedEditorAssemblies (6ms)
			BeforeProcessingInitializeOnLoad (327ms)
			ProcessInitializeOnLoadAttributes (602ms)
			ProcessInitializeOnLoadMethodAttributes (156ms)
			AfterProcessingInitializeOnLoad (21ms)
			EditorAssembliesLoaded (1ms)
		ExecutionOrderSort2 (0ms)
		AwakeInstancesAfterBackupRestoration (28ms)
WARNING: Shader Unsupported: 'Hidden/Simulation/URP/Synthetic' - All subshaders removed
WARNING: Shader Did you use #pragma only_renderers and omit this platform?
WARNING: Shader If subshaders removal was intentional, you may have forgotten turning Fallback off?
WARNING: Shader Unsupported: 'Hidden/Simulation/URP/Synthetic' - All subshaders removed
WARNING: Shader Did you use #pragma only_renderers and omit this platform?
WARNING: Shader If subshaders removal was intentional, you may have forgotten turning Fallback off?
WARNING: Shader Unsupported: 'Hidden/Simulation/Synthetic Lit' - All subshaders removed
WARNING: Shader Did you use #pragma only_renderers and omit this platform?
WARNING: Shader If subshaders removal was intentional, you may have forgotten turning Fallback off?
WARNING: Shader Unsupported: 'Hidden/Simulation/Synthetic Lit' - All subshaders removed
WARNING: Shader Did you use #pragma only_renderers and omit this platform?
WARNING: Shader If subshaders removal was intentional, you may have forgotten turning Fallback off?
WARNING: Shader Unsupported: 'Simulation/Standard Lit' - All subshaders removed
WARNING: Shader Did you use #pragma only_renderers and omit this platform?
WARNING: Shader If subshaders removal was intentional, you may have forgotten turning Fallback off?
WARNING: Shader Unsupported: 'Simulation/Standard Lit' - All subshaders removed
WARNING: Shader Did you use #pragma only_renderers and omit this platform?
WARNING: Shader If subshaders removal was intentional, you may have forgotten turning Fallback off?
WARNING: Shader Unsupported: 'Simulation/URP/Room X-Ray' - All subshaders removed
WARNING: Shader Did you use #pragma only_renderers and omit this platform?
WARNING: Shader If subshaders removal was intentional, you may have forgotten turning Fallback off?
WARNING: Shader Unsupported: 'Simulation/URP/Room X-Ray' - All subshaders removed
WARNING: Shader Did you use #pragma only_renderers and omit this platform?
WARNING: Shader If subshaders removal was intentional, you may have forgotten turning Fallback off?
WARNING: Shader Unsupported: 'Simulation/Room X-Ray' - All subshaders removed
WARNING: Shader Did you use #pragma only_renderers and omit this platform?
WARNING: Shader If subshaders removal was intentional, you may have forgotten turning Fallback off?
WARNING: Shader Unsupported: 'Simulation/Room X-Ray' - All subshaders removed
WARNING: Shader Did you use #pragma only_renderers and omit this platform?
WARNING: Shader If subshaders removal was intentional, you may have forgotten turning Fallback off?
WARNING: Shader Unsupported: 'Simulation/URP/Lit' - All subshaders removed
WARNING: Shader Did you use #pragma only_renderers and omit this platform?
WARNING: Shader If subshaders removal was intentional, you may have forgotten turning Fallback off?
WARNING: Shader Unsupported: 'Simulation/URP/Lit' - All subshaders removed
WARNING: Shader Did you use #pragma only_renderers and omit this platform?
WARNING: Shader If subshaders removal was intentional, you may have forgotten turning Fallback off?
Refreshing native plugins compatible for Editor in 20.45 ms, found 14 plugins.
Preloading 1 native plugins for Editor in 0.11 ms.
Unloading 20 Unused Serialized files (Serialized files now loaded: 0)
Unloading 7914 unused Assets / (9.0 MB). Loaded Objects now: 8591.
Memory consumption went from 199.9 MB to 190.9 MB.
Total: 15.563500 ms (FindLiveObjects: 1.536700 ms CreateObjectMapping: 1.511800 ms MarkObjects: 5.605700 ms  DeleteObjects: 6.907900 ms)

Prepare: number of updated asset objects reloaded= 0
========================================================================
Received Prepare
WARNING: Shader Unsupported: 'Hidden/Simulation/URP/Synthetic' - All subshaders removed
WARNING: Shader Did you use #pragma only_renderers and omit this platform?
WARNING: Shader If subshaders removal was intentional, you may have forgotten turning Fallback off?
WARNING: Shader Unsupported: 'Hidden/Simulation/URP/Synthetic' - All subshaders removed
WARNING: Shader Did you use #pragma only_renderers and omit this platform?
WARNING: Shader If subshaders removal was intentional, you may have forgotten turning Fallback off?
WARNING: Shader Unsupported: 'Hidden/Simulation/Synthetic Lit' - All subshaders removed
WARNING: Shader Did you use #pragma only_renderers and omit this platform?
WARNING: Shader If subshaders removal was intentional, you may have forgotten turning Fallback off?
WARNING: Shader Unsupported: 'Hidden/Simulation/Synthetic Lit' - All subshaders removed
WARNING: Shader Did you use #pragma only_renderers and omit this platform?
WARNING: Shader If subshaders removal was intentional, you may have forgotten turning Fallback off?
WARNING: Shader Unsupported: 'Simulation/Standard Lit' - All subshaders removed
WARNING: Shader Did you use #pragma only_renderers and omit this platform?
WARNING: Shader If subshaders removal was intentional, you may have forgotten turning Fallback off?
WARNING: Shader Unsupported: 'Simulation/Standard Lit' - All subshaders removed
WARNING: Shader Did you use #pragma only_renderers and omit this platform?
WARNING: Shader If subshaders removal was intentional, you may have forgotten turning Fallback off?
WARNING: Shader Unsupported: 'Simulation/URP/Room X-Ray' - All subshaders removed
WARNING: Shader Did you use #pragma only_renderers and omit this platform?
WARNING: Shader If subshaders removal was intentional, you may have forgotten turning Fallback off?
WARNING: Shader Unsupported: 'Simulation/URP/Room X-Ray' - All subshaders removed
WARNING: Shader Did you use #pragma only_renderers and omit this platform?
WARNING: Shader If subshaders removal was intentional, you may have forgotten turning Fallback off?
WARNING: Shader Unsupported: 'Simulation/Room X-Ray' - All subshaders removed
WARNING: Shader Did you use #pragma only_renderers and omit this platform?
WARNING: Shader If subshaders removal was intentional, you may have forgotten turning Fallback off?
WARNING: Shader Unsupported: 'Simulation/Room X-Ray' - All subshaders removed
WARNING: Shader Did you use #pragma only_renderers and omit this platform?
WARNING: Shader If subshaders removal was intentional, you may have forgotten turning Fallback off?
WARNING: Shader Unsupported: 'Simulation/URP/Lit' - All subshaders removed
WARNING: Shader Did you use #pragma only_renderers and omit this platform?
WARNING: Shader If subshaders removal was intentional, you may have forgotten turning Fallback off?
WARNING: Shader Unsupported: 'Simulation/URP/Lit' - All subshaders removed
WARNING: Shader Did you use #pragma only_renderers and omit this platform?
WARNING: Shader If subshaders removal was intentional, you may have forgotten turning Fallback off?
Refreshing native plugins compatible for Editor in 36.42 ms, found 14 plugins.
Preloading 1 native plugins for Editor in 0.17 ms.
Unloading 20 Unused Serialized files (Serialized files now loaded: 0)
Unloading 7700 unused Assets / (8.5 MB). Loaded Objects now: 8570.
Memory consumption went from 170.6 MB to 162.1 MB.
Total: 17.178600 ms (FindLiveObjects: 1.038200 ms CreateObjectMapping: 1.613200 ms MarkObjects: 6.570000 ms  DeleteObjects: 7.955900 ms)

Prepare: number of updated asset objects reloaded= 0
========================================================================
Received Prepare
Begin MonoManager ReloadAssembly
- Loaded All Assemblies, in  1.498 seconds
Refreshing native plugins compatible for Editor in 22.80 ms, found 14 plugins.
Native extension for Android target not found
Native extension for WindowsStandalone target not found
[Package Manager] Failed to launch server process. Reason: Unity was launched with the -noUpm command-line argument
[Package Manager] Unable to send message (not connected to server process).
[Package Manager] Cannot connect to Unity Package Manager local server
[Package Manager] Failed to launch server process. Reason: Unity was launched with the -noUpm command-line argument
[Package Manager] Unable to send message (not connected to server process).
[Package Manager] Cannot connect to Unity Package Manager local server
System.Reflection.TargetInvocationException: Exception has been thrown by the target of an invocation. ---> System.NullReferenceException: Object reference not set to an instance of an object
  at Unity.XR.Oculus.OculusLoader.AssetPathToAbsolutePath (System.String assetPath) [0x00041] in .\Library\PackageCache\com.unity.xr.oculus@44578ba4bd45\Runtime\OculusLoader.cs:312 
  at Unity.XR.Oculus.OculusLoader.EditorLoadOVRPlugin () [0x000dd] in .\Library\PackageCache\com.unity.xr.oculus@44578ba4bd45\Runtime\OculusLoader.cs:297 
  at (wrapper managed-to-native) System.Reflection.RuntimeMethodInfo.InternalInvoke(System.Reflection.RuntimeMethodInfo,object,object[],System.Exception&)
  at System.Reflection.RuntimeMethodInfo.Invoke (System.Object obj, System.Reflection.BindingFlags invokeAttr, System.Reflection.Binder binder, System.Object[] parameters, System.Globalization.CultureInfo culture) [0x0006a] in <715c8f689fc74561a4fef078d73c94aa>:0 
   --- End of inner exception stack trace ---
  at System.Reflection.RuntimeMethodInfo.Invoke (System.Object obj, System.Reflection.BindingFlags invokeAttr, System.Reflection.Binder binder, System.Object[] parameters, System.Globalization.CultureInfo culture) [0x00083] in <715c8f689fc74561a4fef078d73c94aa>:0 
  at System.Reflection.MethodBase.Invoke (System.Object obj, System.Object[] parameters) [0x00000] in <715c8f689fc74561a4fef078d73c94aa>:0 
  at UnityEditor.EditorAssemblies.ProcessInitializeOnLoadMethodAttributes () [0x00087] in <f255d7ad41bf4adf8576cc6ca3827ea0>:0 
UnityEngine.Debug:ExtractStackTraceNoAlloc (byte*,int,string)
UnityEngine.StackTraceUtility:ExtractStackTrace ()
UnityEngine.DebugLogHandler:Internal_Log (UnityEngine.LogType,UnityEngine.LogOption,string,UnityEngine.Object)
UnityEngine.DebugLogHandler:LogFormat (UnityEngine.LogType,UnityEngine.Object,string,object[])
UnityEngine.Logger:Log (UnityEngine.LogType,object)
UnityEngine.Debug:LogError (object)
UnityEditor.EditorAssemblies:ProcessInitializeOnLoadMethodAttributes ()

Mono: successfully reloaded assembly
[Package Manager] Failed to launch server process. Reason: Unity was launched with the -noUpm command-line argument
[Package Manager] Unable to send message (not connected to server process).
[Package Manager] Cannot connect to Unity Package Manager local server
- Finished resetting the current domain, in  1.331 seconds
Domain Reload Profiling: 2801ms
	BeginReloadAssembly (403ms)
		ExecutionOrderSort (0ms)
		DisableScriptedObjects (12ms)
		BackupInstance (0ms)
		ReleaseScriptingObjects (0ms)
		CreateAndSetChildDomain (77ms)
	RebuildCommonClasses (43ms)
	RebuildNativeTypeToScriptingClass (15ms)
	initialDomainReloadingComplete (54ms)
	LoadAllAssembliesAndSetupDomain (955ms)
		LoadAssemblies (827ms)
		RebuildTransferFunctionScriptingTraits (0ms)
		AnalyzeDomain (290ms)
			TypeCache.Refresh (16ms)
				TypeCache.ScanAssembly (1ms)
			BuildScriptInfoCaches (249ms)
			ResolveRequiredComponents (20ms)
	FinalizeReload (1331ms)
		ReleaseScriptCaches (0ms)
		RebuildScriptCaches (0ms)
		SetupLoadedEditorAssemblies (1092ms)
			LogAssemblyErrors (0ms)
			InitializePlatformSupportModulesInManaged (13ms)
			SetLoadedEditorAssemblies (7ms)
			BeforeProcessingInitializeOnLoad (334ms)
			ProcessInitializeOnLoadAttributes (581ms)
			ProcessInitializeOnLoadMethodAttributes (135ms)
			AfterProcessingInitializeOnLoad (21ms)
			EditorAssembliesLoaded (1ms)
		ExecutionOrderSort2 (0ms)
		AwakeInstancesAfterBackupRestoration (20ms)
WARNING: Shader Unsupported: 'Hidden/Simulation/URP/Synthetic' - All subshaders removed
WARNING: Shader Did you use #pragma only_renderers and omit this platform?
WARNING: Shader If subshaders removal was intentional, you may have forgotten turning Fallback off?
WARNING: Shader Unsupported: 'Hidden/Simulation/URP/Synthetic' - All subshaders removed
WARNING: Shader Did you use #pragma only_renderers and omit this platform?
WARNING: Shader If subshaders removal was intentional, you may have forgotten turning Fallback off?
WARNING: Shader Unsupported: 'Hidden/Simulation/Synthetic Lit' - All subshaders removed
WARNING: Shader Did you use #pragma only_renderers and omit this platform?
WARNING: Shader If subshaders removal was intentional, you may have forgotten turning Fallback off?
WARNING: Shader Unsupported: 'Hidden/Simulation/Synthetic Lit' - All subshaders removed
WARNING: Shader Did you use #pragma only_renderers and omit this platform?
WARNING: Shader If subshaders removal was intentional, you may have forgotten turning Fallback off?
WARNING: Shader Unsupported: 'Simulation/Standard Lit' - All subshaders removed
WARNING: Shader Did you use #pragma only_renderers and omit this platform?
WARNING: Shader If subshaders removal was intentional, you may have forgotten turning Fallback off?
WARNING: Shader Unsupported: 'Simulation/Standard Lit' - All subshaders removed
WARNING: Shader Did you use #pragma only_renderers and omit this platform?
WARNING: Shader If subshaders removal was intentional, you may have forgotten turning Fallback off?
WARNING: Shader Unsupported: 'Simulation/URP/Room X-Ray' - All subshaders removed
WARNING: Shader Did you use #pragma only_renderers and omit this platform?
WARNING: Shader If subshaders removal was intentional, you may have forgotten turning Fallback off?
WARNING: Shader Unsupported: 'Simulation/URP/Room X-Ray' - All subshaders removed
WARNING: Shader Did you use #pragma only_renderers and omit this platform?
WARNING: Shader If subshaders removal was intentional, you may have forgotten turning Fallback off?
WARNING: Shader Unsupported: 'Simulation/Room X-Ray' - All subshaders removed
WARNING: Shader Did you use #pragma only_renderers and omit this platform?
WARNING: Shader If subshaders removal was intentional, you may have forgotten turning Fallback off?
WARNING: Shader Unsupported: 'Simulation/Room X-Ray' - All subshaders removed
WARNING: Shader Did you use #pragma only_renderers and omit this platform?
WARNING: Shader If subshaders removal was intentional, you may have forgotten turning Fallback off?
WARNING: Shader Unsupported: 'Simulation/URP/Lit' - All subshaders removed
WARNING: Shader Did you use #pragma only_renderers and omit this platform?
WARNING: Shader If subshaders removal was intentional, you may have forgotten turning Fallback off?
WARNING: Shader Unsupported: 'Simulation/URP/Lit' - All subshaders removed
WARNING: Shader Did you use #pragma only_renderers and omit this platform?
WARNING: Shader If subshaders removal was intentional, you may have forgotten turning Fallback off?
Refreshing native plugins compatible for Editor in 22.91 ms, found 14 plugins.
Preloading 1 native plugins for Editor in 0.11 ms.
Unloading 20 Unused Serialized files (Serialized files now loaded: 0)
Unloading 7914 unused Assets / (9.1 MB). Loaded Objects now: 8594.
Memory consumption went from 199.8 MB to 190.8 MB.
Total: 15.149500 ms (FindLiveObjects: 1.045300 ms CreateObjectMapping: 1.788700 ms MarkObjects: 5.208400 ms  DeleteObjects: 7.105500 ms)

Prepare: number of updated asset objects reloaded= 0
========================================================================
Received Prepare
WARNING: Shader Unsupported: 'Hidden/Simulation/URP/Synthetic' - All subshaders removed
WARNING: Shader Did you use #pragma only_renderers and omit this platform?
WARNING: Shader If subshaders removal was intentional, you may have forgotten turning Fallback off?
WARNING: Shader Unsupported: 'Hidden/Simulation/URP/Synthetic' - All subshaders removed
WARNING: Shader Did you use #pragma only_renderers and omit this platform?
WARNING: Shader If subshaders removal was intentional, you may have forgotten turning Fallback off?
WARNING: Shader Unsupported: 'Hidden/Simulation/Synthetic Lit' - All subshaders removed
WARNING: Shader Did you use #pragma only_renderers and omit this platform?
WARNING: Shader If subshaders removal was intentional, you may have forgotten turning Fallback off?
WARNING: Shader Unsupported: 'Hidden/Simulation/Synthetic Lit' - All subshaders removed
WARNING: Shader Did you use #pragma only_renderers and omit this platform?
WARNING: Shader If subshaders removal was intentional, you may have forgotten turning Fallback off?
WARNING: Shader Unsupported: 'Simulation/Standard Lit' - All subshaders removed
WARNING: Shader Did you use #pragma only_renderers and omit this platform?
WARNING: Shader If subshaders removal was intentional, you may have forgotten turning Fallback off?
WARNING: Shader Unsupported: 'Simulation/Standard Lit' - All subshaders removed
WARNING: Shader Did you use #pragma only_renderers and omit this platform?
WARNING: Shader If subshaders removal was intentional, you may have forgotten turning Fallback off?
WARNING: Shader Unsupported: 'Simulation/URP/Room X-Ray' - All subshaders removed
WARNING: Shader Did you use #pragma only_renderers and omit this platform?
WARNING: Shader If subshaders removal was intentional, you may have forgotten turning Fallback off?
WARNING: Shader Unsupported: 'Simulation/URP/Room X-Ray' - All subshaders removed
WARNING: Shader Did you use #pragma only_renderers and omit this platform?
WARNING: Shader If subshaders removal was intentional, you may have forgotten turning Fallback off?
WARNING: Shader Unsupported: 'Simulation/Room X-Ray' - All subshaders removed
WARNING: Shader Did you use #pragma only_renderers and omit this platform?
WARNING: Shader If subshaders removal was intentional, you may have forgotten turning Fallback off?
WARNING: Shader Unsupported: 'Simulation/Room X-Ray' - All subshaders removed
WARNING: Shader Did you use #pragma only_renderers and omit this platform?
WARNING: Shader If subshaders removal was intentional, you may have forgotten turning Fallback off?
WARNING: Shader Unsupported: 'Simulation/URP/Lit' - All subshaders removed
WARNING: Shader Did you use #pragma only_renderers and omit this platform?
WARNING: Shader If subshaders removal was intentional, you may have forgotten turning Fallback off?
WARNING: Shader Unsupported: 'Simulation/URP/Lit' - All subshaders removed
WARNING: Shader Did you use #pragma only_renderers and omit this platform?
WARNING: Shader If subshaders removal was intentional, you may have forgotten turning Fallback off?
Refreshing native plugins compatible for Editor in 27.32 ms, found 14 plugins.
Preloading 1 native plugins for Editor in 0.18 ms.
Unloading 20 Unused Serialized files (Serialized files now loaded: 0)
Unloading 7700 unused Assets / (9.1 MB). Loaded Objects now: 8573.
Memory consumption went from 170.7 MB to 161.7 MB.
Total: 17.835100 ms (FindLiveObjects: 1.218200 ms CreateObjectMapping: 1.953400 ms MarkObjects: 7.343600 ms  DeleteObjects: 7.318900 ms)

Prepare: number of updated asset objects reloaded= 0
========================================================================
Received Prepare
WARNING: Shader Unsupported: 'Hidden/Simulation/URP/Synthetic' - All subshaders removed
WARNING: Shader Did you use #pragma only_renderers and omit this platform?
WARNING: Shader If subshaders removal was intentional, you may have forgotten turning Fallback off?
WARNING: Shader Unsupported: 'Hidden/Simulation/URP/Synthetic' - All subshaders removed
WARNING: Shader Did you use #pragma only_renderers and omit this platform?
WARNING: Shader If subshaders removal was intentional, you may have forgotten turning Fallback off?
WARNING: Shader Unsupported: 'Hidden/Simulation/Synthetic Lit' - All subshaders removed
WARNING: Shader Did you use #pragma only_renderers and omit this platform?
WARNING: Shader If subshaders removal was intentional, you may have forgotten turning Fallback off?
WARNING: Shader Unsupported: 'Hidden/Simulation/Synthetic Lit' - All subshaders removed
WARNING: Shader Did you use #pragma only_renderers and omit this platform?
WARNING: Shader If subshaders removal was intentional, you may have forgotten turning Fallback off?
WARNING: Shader Unsupported: 'Simulation/Standard Lit' - All subshaders removed
WARNING: Shader Did you use #pragma only_renderers and omit this platform?
WARNING: Shader If subshaders removal was intentional, you may have forgotten turning Fallback off?
WARNING: Shader Unsupported: 'Simulation/Standard Lit' - All subshaders removed
WARNING: Shader Did you use #pragma only_renderers and omit this platform?
WARNING: Shader If subshaders removal was intentional, you may have forgotten turning Fallback off?
WARNING: Shader Unsupported: 'Simulation/URP/Room X-Ray' - All subshaders removed
WARNING: Shader Did you use #pragma only_renderers and omit this platform?
WARNING: Shader If subshaders removal was intentional, you may have forgotten turning Fallback off?
WARNING: Shader Unsupported: 'Simulation/URP/Room X-Ray' - All subshaders removed
WARNING: Shader Did you use #pragma only_renderers and omit this platform?
WARNING: Shader If subshaders removal was intentional, you may have forgotten turning Fallback off?
WARNING: Shader Unsupported: 'Simulation/Room X-Ray' - All subshaders removed
WARNING: Shader Did you use #pragma only_renderers and omit this platform?
WARNING: Shader If subshaders removal was intentional, you may have forgotten turning Fallback off?
WARNING: Shader Unsupported: 'Simulation/Room X-Ray' - All subshaders removed
WARNING: Shader Did you use #pragma only_renderers and omit this platform?
WARNING: Shader If subshaders removal was intentional, you may have forgotten turning Fallback off?
WARNING: Shader Unsupported: 'Simulation/URP/Lit' - All subshaders removed
WARNING: Shader Did you use #pragma only_renderers and omit this platform?
WARNING: Shader If subshaders removal was intentional, you may have forgotten turning Fallback off?
WARNING: Shader Unsupported: 'Simulation/URP/Lit' - All subshaders removed
WARNING: Shader Did you use #pragma only_renderers and omit this platform?
WARNING: Shader If subshaders removal was intentional, you may have forgotten turning Fallback off?
Refreshing native plugins compatible for Editor in 29.75 ms, found 14 plugins.
Preloading 1 native plugins for Editor in 0.12 ms.
Unloading 20 Unused Serialized files (Serialized files now loaded: 0)
Unloading 7700 unused Assets / (8.0 MB). Loaded Objects now: 8573.
Memory consumption went from 170.5 MB to 162.6 MB.
Total: 19.310400 ms (FindLiveObjects: 1.228100 ms CreateObjectMapping: 2.104400 ms MarkObjects: 6.992400 ms  DeleteObjects: 8.984300 ms)

Prepare: number of updated asset objects reloaded= 0
========================================================================
Received Prepare
[Licensing::Client] Successfully resolved entitlement details
Begin MonoManager ReloadAssembly
[Licensing::Client] Successfully resolved entitlement details
- Loaded All Assemblies, in  1.620 seconds
Refreshing native plugins compatible for Editor in 28.34 ms, found 14 plugins.
Native extension for Android target not found
Native extension for WindowsStandalone target not found
[Package Manager] Failed to launch server process. Reason: Unity was launched with the -noUpm command-line argument
[Package Manager] Unable to send message (not connected to server process).
[Package Manager] Cannot connect to Unity Package Manager local server
[Package Manager] Failed to launch server process. Reason: Unity was launched with the -noUpm command-line argument
[Package Manager] Unable to send message (not connected to server process).
[Package Manager] Cannot connect to Unity Package Manager local server
System.Reflection.TargetInvocationException: Exception has been thrown by the target of an invocation. ---> System.NullReferenceException: Object reference not set to an instance of an object
  at Unity.XR.Oculus.OculusLoader.AssetPathToAbsolutePath (System.String assetPath) [0x00041] in .\Library\PackageCache\com.unity.xr.oculus@44578ba4bd45\Runtime\OculusLoader.cs:312 
  at Unity.XR.Oculus.OculusLoader.EditorLoadOVRPlugin () [0x000dd] in .\Library\PackageCache\com.unity.xr.oculus@44578ba4bd45\Runtime\OculusLoader.cs:297 
  at (wrapper managed-to-native) System.Reflection.RuntimeMethodInfo.InternalInvoke(System.Reflection.RuntimeMethodInfo,object,object[],System.Exception&)
  at System.Reflection.RuntimeMethodInfo.Invoke (System.Object obj, System.Reflection.BindingFlags invokeAttr, System.Reflection.Binder binder, System.Object[] parameters, System.Globalization.CultureInfo culture) [0x0006a] in <715c8f689fc74561a4fef078d73c94aa>:0 
   --- End of inner exception stack trace ---
  at System.Reflection.RuntimeMethodInfo.Invoke (System.Object obj, System.Reflection.BindingFlags invokeAttr, System.Reflection.Binder binder, System.Object[] parameters, System.Globalization.CultureInfo culture) [0x00083] in <715c8f689fc74561a4fef078d73c94aa>:0 
  at System.Reflection.MethodBase.Invoke (System.Object obj, System.Object[] parameters) [0x00000] in <715c8f689fc74561a4fef078d73c94aa>:0 
  at UnityEditor.EditorAssemblies.ProcessInitializeOnLoadMethodAttributes () [0x00087] in <f255d7ad41bf4adf8576cc6ca3827ea0>:0 
UnityEngine.Debug:ExtractStackTraceNoAlloc (byte*,int,string)
UnityEngine.StackTraceUtility:ExtractStackTrace ()
UnityEngine.DebugLogHandler:Internal_Log (UnityEngine.LogType,UnityEngine.LogOption,string,UnityEngine.Object)
UnityEngine.DebugLogHandler:LogFormat (UnityEngine.LogType,UnityEngine.Object,string,object[])
UnityEngine.Logger:Log (UnityEngine.LogType,object)
UnityEngine.Debug:LogError (object)
UnityEditor.EditorAssemblies:ProcessInitializeOnLoadMethodAttributes ()

Mono: successfully reloaded assembly
[Package Manager] Failed to launch server process. Reason: Unity was launched with the -noUpm command-line argument
[Package Manager] Unable to send message (not connected to server process).
[Package Manager] Cannot connect to Unity Package Manager local server
- Finished resetting the current domain, in  1.845 seconds
Domain Reload Profiling: 3442ms
	BeginReloadAssembly (367ms)
		ExecutionOrderSort (0ms)
		DisableScriptedObjects (8ms)
		BackupInstance (0ms)
		ReleaseScriptingObjects (0ms)
		CreateAndSetChildDomain (72ms)
	RebuildCommonClasses (54ms)
	RebuildNativeTypeToScriptingClass (16ms)
	initialDomainReloadingComplete (55ms)
	LoadAllAssembliesAndSetupDomain (1101ms)
		LoadAssemblies (862ms)
		RebuildTransferFunctionScriptingTraits (0ms)
		AnalyzeDomain (404ms)
			TypeCache.Refresh (22ms)
				TypeCache.ScanAssembly (1ms)
			BuildScriptInfoCaches (349ms)
			ResolveRequiredComponents (27ms)
	FinalizeReload (1850ms)
		ReleaseScriptCaches (0ms)
		RebuildScriptCaches (0ms)
		SetupLoadedEditorAssemblies (1443ms)
			LogAssemblyErrors (0ms)
			InitializePlatformSupportModulesInManaged (15ms)
			SetLoadedEditorAssemblies (7ms)
			BeforeProcessingInitializeOnLoad (369ms)
			ProcessInitializeOnLoadAttributes (857ms)
			ProcessInitializeOnLoadMethodAttributes (170ms)
			AfterProcessingInitializeOnLoad (24ms)
			EditorAssembliesLoaded (1ms)
		ExecutionOrderSort2 (0ms)
		AwakeInstancesAfterBackupRestoration (38ms)
WARNING: Shader Unsupported: 'Hidden/Simulation/URP/Synthetic' - All subshaders removed
WARNING: Shader Did you use #pragma only_renderers and omit this platform?
WARNING: Shader If subshaders removal was intentional, you may have forgotten turning Fallback off?
WARNING: Shader Unsupported: 'Hidden/Simulation/URP/Synthetic' - All subshaders removed
WARNING: Shader Did you use #pragma only_renderers and omit this platform?
WARNING: Shader If subshaders removal was intentional, you may have forgotten turning Fallback off?
WARNING: Shader Unsupported: 'Hidden/Simulation/Synthetic Lit' - All subshaders removed
WARNING: Shader Did you use #pragma only_renderers and omit this platform?
WARNING: Shader If subshaders removal was intentional, you may have forgotten turning Fallback off?
WARNING: Shader Unsupported: 'Hidden/Simulation/Synthetic Lit' - All subshaders removed
WARNING: Shader Did you use #pragma only_renderers and omit this platform?
WARNING: Shader If subshaders removal was intentional, you may have forgotten turning Fallback off?
WARNING: Shader Unsupported: 'Simulation/Standard Lit' - All subshaders removed
WARNING: Shader Did you use #pragma only_renderers and omit this platform?
WARNING: Shader If subshaders removal was intentional, you may have forgotten turning Fallback off?
WARNING: Shader Unsupported: 'Simulation/Standard Lit' - All subshaders removed
WARNING: Shader Did you use #pragma only_renderers and omit this platform?
WARNING: Shader If subshaders removal was intentional, you may have forgotten turning Fallback off?
WARNING: Shader Unsupported: 'Simulation/URP/Room X-Ray' - All subshaders removed
WARNING: Shader Did you use #pragma only_renderers and omit this platform?
WARNING: Shader If subshaders removal was intentional, you may have forgotten turning Fallback off?
WARNING: Shader Unsupported: 'Simulation/URP/Room X-Ray' - All subshaders removed
WARNING: Shader Did you use #pragma only_renderers and omit this platform?
WARNING: Shader If subshaders removal was intentional, you may have forgotten turning Fallback off?
WARNING: Shader Unsupported: 'Simulation/Room X-Ray' - All subshaders removed
WARNING: Shader Did you use #pragma only_renderers and omit this platform?
WARNING: Shader If subshaders removal was intentional, you may have forgotten turning Fallback off?
WARNING: Shader Unsupported: 'Simulation/Room X-Ray' - All subshaders removed
WARNING: Shader Did you use #pragma only_renderers and omit this platform?
WARNING: Shader If subshaders removal was intentional, you may have forgotten turning Fallback off?
WARNING: Shader Unsupported: 'Simulation/URP/Lit' - All subshaders removed
WARNING: Shader Did you use #pragma only_renderers and omit this platform?
WARNING: Shader If subshaders removal was intentional, you may have forgotten turning Fallback off?
WARNING: Shader Unsupported: 'Simulation/URP/Lit' - All subshaders removed
WARNING: Shader Did you use #pragma only_renderers and omit this platform?
WARNING: Shader If subshaders removal was intentional, you may have forgotten turning Fallback off?
Refreshing native plugins compatible for Editor in 35.04 ms, found 14 plugins.
Preloading 1 native plugins for Editor in 0.13 ms.
Unloading 20 Unused Serialized files (Serialized files now loaded: 0)
Unloading 7914 unused Assets / (9.9 MB). Loaded Objects now: 8597.
Memory consumption went from 199.9 MB to 190.0 MB.
Total: 18.278900 ms (FindLiveObjects: 0.980000 ms CreateObjectMapping: 1.710500 ms MarkObjects: 7.011700 ms  DeleteObjects: 8.575700 ms)

Prepare: number of updated asset objects reloaded= 0
========================================================================
Received Prepare
WARNING: Shader Unsupported: 'Hidden/Simulation/URP/Synthetic' - All subshaders removed
WARNING: Shader Did you use #pragma only_renderers and omit this platform?
WARNING: Shader If subshaders removal was intentional, you may have forgotten turning Fallback off?
WARNING: Shader Unsupported: 'Hidden/Simulation/URP/Synthetic' - All subshaders removed
WARNING: Shader Did you use #pragma only_renderers and omit this platform?
WARNING: Shader If subshaders removal was intentional, you may have forgotten turning Fallback off?
WARNING: Shader Unsupported: 'Hidden/Simulation/Synthetic Lit' - All subshaders removed
WARNING: Shader Did you use #pragma only_renderers and omit this platform?
WARNING: Shader If subshaders removal was intentional, you may have forgotten turning Fallback off?
WARNING: Shader Unsupported: 'Hidden/Simulation/Synthetic Lit' - All subshaders removed
WARNING: Shader Did you use #pragma only_renderers and omit this platform?
WARNING: Shader If subshaders removal was intentional, you may have forgotten turning Fallback off?
WARNING: Shader Unsupported: 'Simulation/Standard Lit' - All subshaders removed
WARNING: Shader Did you use #pragma only_renderers and omit this platform?
WARNING: Shader If subshaders removal was intentional, you may have forgotten turning Fallback off?
WARNING: Shader Unsupported: 'Simulation/Standard Lit' - All subshaders removed
WARNING: Shader Did you use #pragma only_renderers and omit this platform?
WARNING: Shader If subshaders removal was intentional, you may have forgotten turning Fallback off?
WARNING: Shader Unsupported: 'Simulation/URP/Room X-Ray' - All subshaders removed
WARNING: Shader Did you use #pragma only_renderers and omit this platform?
WARNING: Shader If subshaders removal was intentional, you may have forgotten turning Fallback off?
WARNING: Shader Unsupported: 'Simulation/URP/Room X-Ray' - All subshaders removed
WARNING: Shader Did you use #pragma only_renderers and omit this platform?
WARNING: Shader If subshaders removal was intentional, you may have forgotten turning Fallback off?
WARNING: Shader Unsupported: 'Simulation/Room X-Ray' - All subshaders removed
WARNING: Shader Did you use #pragma only_renderers and omit this platform?
WARNING: Shader If subshaders removal was intentional, you may have forgotten turning Fallback off?
WARNING: Shader Unsupported: 'Simulation/Room X-Ray' - All subshaders removed
WARNING: Shader Did you use #pragma only_renderers and omit this platform?
WARNING: Shader If subshaders removal was intentional, you may have forgotten turning Fallback off?
WARNING: Shader Unsupported: 'Simulation/URP/Lit' - All subshaders removed
WARNING: Shader Did you use #pragma only_renderers and omit this platform?
WARNING: Shader If subshaders removal was intentional, you may have forgotten turning Fallback off?
WARNING: Shader Unsupported: 'Simulation/URP/Lit' - All subshaders removed
WARNING: Shader Did you use #pragma only_renderers and omit this platform?
WARNING: Shader If subshaders removal was intentional, you may have forgotten turning Fallback off?
Refreshing native plugins compatible for Editor in 25.63 ms, found 14 plugins.
Preloading 1 native plugins for Editor in 0.12 ms.
Unloading 20 Unused Serialized files (Serialized files now loaded: 0)
Unloading 7700 unused Assets / (8.9 MB). Loaded Objects now: 8576.
Memory consumption went from 170.8 MB to 161.9 MB.
Total: 17.119200 ms (FindLiveObjects: 1.412300 ms CreateObjectMapping: 1.922300 ms MarkObjects: 7.711500 ms  DeleteObjects: 6.072000 ms)

Prepare: number of updated asset objects reloaded= 0
========================================================================
Received Prepare
Begin MonoManager ReloadAssembly
- Loaded All Assemblies, in  1.380 seconds
Refreshing native plugins compatible for Editor in 25.42 ms, found 14 plugins.
Native extension for Android target not found
Native extension for WindowsStandalone target not found
[Package Manager] Failed to launch server process. Reason: Unity was launched with the -noUpm command-line argument
[Package Manager] Unable to send message (not connected to server process).
[Package Manager] Cannot connect to Unity Package Manager local server
[Package Manager] Failed to launch server process. Reason: Unity was launched with the -noUpm command-line argument
[Package Manager] Unable to send message (not connected to server process).
[Package Manager] Cannot connect to Unity Package Manager local server
System.Reflection.TargetInvocationException: Exception has been thrown by the target of an invocation. ---> System.NullReferenceException: Object reference not set to an instance of an object
  at Unity.XR.Oculus.OculusLoader.AssetPathToAbsolutePath (System.String assetPath) [0x00041] in .\Library\PackageCache\com.unity.xr.oculus@44578ba4bd45\Runtime\OculusLoader.cs:312 
  at Unity.XR.Oculus.OculusLoader.EditorLoadOVRPlugin () [0x000dd] in .\Library\PackageCache\com.unity.xr.oculus@44578ba4bd45\Runtime\OculusLoader.cs:297 
  at (wrapper managed-to-native) System.Reflection.RuntimeMethodInfo.InternalInvoke(System.Reflection.RuntimeMethodInfo,object,object[],System.Exception&)
  at System.Reflection.RuntimeMethodInfo.Invoke (System.Object obj, System.Reflection.BindingFlags invokeAttr, System.Reflection.Binder binder, System.Object[] parameters, System.Globalization.CultureInfo culture) [0x0006a] in <715c8f689fc74561a4fef078d73c94aa>:0 
   --- End of inner exception stack trace ---
  at System.Reflection.RuntimeMethodInfo.Invoke (System.Object obj, System.Reflection.BindingFlags invokeAttr, System.Reflection.Binder binder, System.Object[] parameters, System.Globalization.CultureInfo culture) [0x00083] in <715c8f689fc74561a4fef078d73c94aa>:0 
  at System.Reflection.MethodBase.Invoke (System.Object obj, System.Object[] parameters) [0x00000] in <715c8f689fc74561a4fef078d73c94aa>:0 
  at UnityEditor.EditorAssemblies.ProcessInitializeOnLoadMethodAttributes () [0x00087] in <f255d7ad41bf4adf8576cc6ca3827ea0>:0 
UnityEngine.Debug:ExtractStackTraceNoAlloc (byte*,int,string)
UnityEngine.StackTraceUtility:ExtractStackTrace ()
UnityEngine.DebugLogHandler:Internal_Log (UnityEngine.LogType,UnityEngine.LogOption,string,UnityEngine.Object)
UnityEngine.DebugLogHandler:LogFormat (UnityEngine.LogType,UnityEngine.Object,string,object[])
UnityEngine.Logger:Log (UnityEngine.LogType,object)
UnityEngine.Debug:LogError (object)
UnityEditor.EditorAssemblies:ProcessInitializeOnLoadMethodAttributes ()

Mono: successfully reloaded assembly
[Package Manager] Failed to launch server process. Reason: Unity was launched with the -noUpm command-line argument
[Package Manager] Unable to send message (not connected to server process).
[Package Manager] Cannot connect to Unity Package Manager local server
- Finished resetting the current domain, in  1.342 seconds
Domain Reload Profiling: 2702ms
	BeginReloadAssembly (348ms)
		ExecutionOrderSort (0ms)
		DisableScriptedObjects (8ms)
		BackupInstance (0ms)
		ReleaseScriptingObjects (0ms)
		CreateAndSetChildDomain (74ms)
	RebuildCommonClasses (44ms)
	RebuildNativeTypeToScriptingClass (15ms)
	initialDomainReloadingComplete (52ms)
	LoadAllAssembliesAndSetupDomain (901ms)
		LoadAssemblies (749ms)
		RebuildTransferFunctionScriptingTraits (0ms)
		AnalyzeDomain (294ms)
			TypeCache.Refresh (14ms)
				TypeCache.ScanAssembly (1ms)
			BuildScriptInfoCaches (255ms)
			ResolveRequiredComponents (19ms)
	FinalizeReload (1342ms)
		ReleaseScriptCaches (0ms)
		RebuildScriptCaches (0ms)
		SetupLoadedEditorAssemblies (1111ms)
			LogAssemblyErrors (0ms)
			InitializePlatformSupportModulesInManaged (12ms)
			SetLoadedEditorAssemblies (6ms)
			BeforeProcessingInitializeOnLoad (344ms)
			ProcessInitializeOnLoadAttributes (580ms)
			ProcessInitializeOnLoadMethodAttributes (150ms)
			AfterProcessingInitializeOnLoad (19ms)
			EditorAssembliesLoaded (0ms)
		ExecutionOrderSort2 (0ms)
		AwakeInstancesAfterBackupRestoration (18ms)
WARNING: Shader Unsupported: 'Hidden/Simulation/URP/Synthetic' - All subshaders removed
WARNING: Shader Did you use #pragma only_renderers and omit this platform?
WARNING: Shader If subshaders removal was intentional, you may have forgotten turning Fallback off?
WARNING: Shader Unsupported: 'Hidden/Simulation/URP/Synthetic' - All subshaders removed
WARNING: Shader Did you use #pragma only_renderers and omit this platform?
WARNING: Shader If subshaders removal was intentional, you may have forgotten turning Fallback off?
WARNING: Shader Unsupported: 'Hidden/Simulation/Synthetic Lit' - All subshaders removed
WARNING: Shader Did you use #pragma only_renderers and omit this platform?
WARNING: Shader If subshaders removal was intentional, you may have forgotten turning Fallback off?
WARNING: Shader Unsupported: 'Hidden/Simulation/Synthetic Lit' - All subshaders removed
WARNING: Shader Did you use #pragma only_renderers and omit this platform?
WARNING: Shader If subshaders removal was intentional, you may have forgotten turning Fallback off?
WARNING: Shader Unsupported: 'Simulation/Standard Lit' - All subshaders removed
WARNING: Shader Did you use #pragma only_renderers and omit this platform?
WARNING: Shader If subshaders removal was intentional, you may have forgotten turning Fallback off?
WARNING: Shader Unsupported: 'Simulation/Standard Lit' - All subshaders removed
WARNING: Shader Did you use #pragma only_renderers and omit this platform?
WARNING: Shader If subshaders removal was intentional, you may have forgotten turning Fallback off?
WARNING: Shader Unsupported: 'Simulation/URP/Room X-Ray' - All subshaders removed
WARNING: Shader Did you use #pragma only_renderers and omit this platform?
WARNING: Shader If subshaders removal was intentional, you may have forgotten turning Fallback off?
WARNING: Shader Unsupported: 'Simulation/URP/Room X-Ray' - All subshaders removed
WARNING: Shader Did you use #pragma only_renderers and omit this platform?
WARNING: Shader If subshaders removal was intentional, you may have forgotten turning Fallback off?
WARNING: Shader Unsupported: 'Simulation/Room X-Ray' - All subshaders removed
WARNING: Shader Did you use #pragma only_renderers and omit this platform?
WARNING: Shader If subshaders removal was intentional, you may have forgotten turning Fallback off?
WARNING: Shader Unsupported: 'Simulation/Room X-Ray' - All subshaders removed
WARNING: Shader Did you use #pragma only_renderers and omit this platform?
WARNING: Shader If subshaders removal was intentional, you may have forgotten turning Fallback off?
WARNING: Shader Unsupported: 'Simulation/URP/Lit' - All subshaders removed
WARNING: Shader Did you use #pragma only_renderers and omit this platform?
WARNING: Shader If subshaders removal was intentional, you may have forgotten turning Fallback off?
WARNING: Shader Unsupported: 'Simulation/URP/Lit' - All subshaders removed
WARNING: Shader Did you use #pragma only_renderers and omit this platform?
WARNING: Shader If subshaders removal was intentional, you may have forgotten turning Fallback off?
Refreshing native plugins compatible for Editor in 22.56 ms, found 14 plugins.
Preloading 1 native plugins for Editor in 0.12 ms.
Unloading 20 Unused Serialized files (Serialized files now loaded: 0)
Unloading 7914 unused Assets / (9.1 MB). Loaded Objects now: 8600.
Memory consumption went from 223.3 MB to 214.2 MB.
Total: 15.528300 ms (FindLiveObjects: 1.263400 ms CreateObjectMapping: 1.971500 ms MarkObjects: 5.126400 ms  DeleteObjects: 7.165900 ms)

Prepare: number of updated asset objects reloaded= 0
========================================================================
Received Prepare
WARNING: Shader Unsupported: 'Hidden/Simulation/URP/Synthetic' - All subshaders removed
WARNING: Shader Did you use #pragma only_renderers and omit this platform?
WARNING: Shader If subshaders removal was intentional, you may have forgotten turning Fallback off?
WARNING: Shader Unsupported: 'Hidden/Simulation/URP/Synthetic' - All subshaders removed
WARNING: Shader Did you use #pragma only_renderers and omit this platform?
WARNING: Shader If subshaders removal was intentional, you may have forgotten turning Fallback off?
WARNING: Shader Unsupported: 'Hidden/Simulation/Synthetic Lit' - All subshaders removed
WARNING: Shader Did you use #pragma only_renderers and omit this platform?
WARNING: Shader If subshaders removal was intentional, you may have forgotten turning Fallback off?
WARNING: Shader Unsupported: 'Hidden/Simulation/Synthetic Lit' - All subshaders removed
WARNING: Shader Did you use #pragma only_renderers and omit this platform?
WARNING: Shader If subshaders removal was intentional, you may have forgotten turning Fallback off?
WARNING: Shader Unsupported: 'Simulation/Standard Lit' - All subshaders removed
WARNING: Shader Did you use #pragma only_renderers and omit this platform?
WARNING: Shader If subshaders removal was intentional, you may have forgotten turning Fallback off?
WARNING: Shader Unsupported: 'Simulation/Standard Lit' - All subshaders removed
WARNING: Shader Did you use #pragma only_renderers and omit this platform?
WARNING: Shader If subshaders removal was intentional, you may have forgotten turning Fallback off?
WARNING: Shader Unsupported: 'Simulation/URP/Room X-Ray' - All subshaders removed
WARNING: Shader Did you use #pragma only_renderers and omit this platform?
WARNING: Shader If subshaders removal was intentional, you may have forgotten turning Fallback off?
WARNING: Shader Unsupported: 'Simulation/URP/Room X-Ray' - All subshaders removed
WARNING: Shader Did you use #pragma only_renderers and omit this platform?
WARNING: Shader If subshaders removal was intentional, you may have forgotten turning Fallback off?
WARNING: Shader Unsupported: 'Simulation/Room X-Ray' - All subshaders removed
WARNING: Shader Did you use #pragma only_renderers and omit this platform?
WARNING: Shader If subshaders removal was intentional, you may have forgotten turning Fallback off?
WARNING: Shader Unsupported: 'Simulation/Room X-Ray' - All subshaders removed
WARNING: Shader Did you use #pragma only_renderers and omit this platform?
WARNING: Shader If subshaders removal was intentional, you may have forgotten turning Fallback off?
WARNING: Shader Unsupported: 'Simulation/URP/Lit' - All subshaders removed
WARNING: Shader Did you use #pragma only_renderers and omit this platform?
WARNING: Shader If subshaders removal was intentional, you may have forgotten turning Fallback off?
WARNING: Shader Unsupported: 'Simulation/URP/Lit' - All subshaders removed
WARNING: Shader Did you use #pragma only_renderers and omit this platform?
WARNING: Shader If subshaders removal was intentional, you may have forgotten turning Fallback off?
Refreshing native plugins compatible for Editor in 25.52 ms, found 14 plugins.
Preloading 1 native plugins for Editor in 0.12 ms.
Unloading 20 Unused Serialized files (Serialized files now loaded: 0)
Unloading 7700 unused Assets / (8.9 MB). Loaded Objects now: 8579.
Memory consumption went from 194.0 MB to 185.1 MB.
Total: 15.160200 ms (FindLiveObjects: 0.996500 ms CreateObjectMapping: 1.601600 ms MarkObjects: 5.434100 ms  DeleteObjects: 7.127000 ms)

Prepare: number of updated asset objects reloaded= 0
========================================================================
Received Prepare
Begin MonoManager ReloadAssembly
- Loaded All Assemblies, in  1.387 seconds
Refreshing native plugins compatible for Editor in 24.03 ms, found 14 plugins.
Native extension for Android target not found
Native extension for WindowsStandalone target not found
[Package Manager] Failed to launch server process. Reason: Unity was launched with the -noUpm command-line argument
[Package Manager] Unable to send message (not connected to server process).
[Package Manager] Cannot connect to Unity Package Manager local server
[Package Manager] Failed to launch server process. Reason: Unity was launched with the -noUpm command-line argument
[Package Manager] Unable to send message (not connected to server process).
[Package Manager] Cannot connect to Unity Package Manager local server
System.Reflection.TargetInvocationException: Exception has been thrown by the target of an invocation. ---> System.NullReferenceException: Object reference not set to an instance of an object
  at Unity.XR.Oculus.OculusLoader.AssetPathToAbsolutePath (System.String assetPath) [0x00041] in .\Library\PackageCache\com.unity.xr.oculus@44578ba4bd45\Runtime\OculusLoader.cs:312 
  at Unity.XR.Oculus.OculusLoader.EditorLoadOVRPlugin () [0x000dd] in .\Library\PackageCache\com.unity.xr.oculus@44578ba4bd45\Runtime\OculusLoader.cs:297 
  at (wrapper managed-to-native) System.Reflection.RuntimeMethodInfo.InternalInvoke(System.Reflection.RuntimeMethodInfo,object,object[],System.Exception&)
  at System.Reflection.RuntimeMethodInfo.Invoke (System.Object obj, System.Reflection.BindingFlags invokeAttr, System.Reflection.Binder binder, System.Object[] parameters, System.Globalization.CultureInfo culture) [0x0006a] in <715c8f689fc74561a4fef078d73c94aa>:0 
   --- End of inner exception stack trace ---
  at System.Reflection.RuntimeMethodInfo.Invoke (System.Object obj, System.Reflection.BindingFlags invokeAttr, System.Reflection.Binder binder, System.Object[] parameters, System.Globalization.CultureInfo culture) [0x00083] in <715c8f689fc74561a4fef078d73c94aa>:0 
  at System.Reflection.MethodBase.Invoke (System.Object obj, System.Object[] parameters) [0x00000] in <715c8f689fc74561a4fef078d73c94aa>:0 
  at UnityEditor.EditorAssemblies.ProcessInitializeOnLoadMethodAttributes () [0x00087] in <f255d7ad41bf4adf8576cc6ca3827ea0>:0 
UnityEngine.Debug:ExtractStackTraceNoAlloc (byte*,int,string)
UnityEngine.StackTraceUtility:ExtractStackTrace ()
UnityEngine.DebugLogHandler:Internal_Log (UnityEngine.LogType,UnityEngine.LogOption,string,UnityEngine.Object)
UnityEngine.DebugLogHandler:LogFormat (UnityEngine.LogType,UnityEngine.Object,string,object[])
UnityEngine.Logger:Log (UnityEngine.LogType,object)
UnityEngine.Debug:LogError (object)
UnityEditor.EditorAssemblies:ProcessInitializeOnLoadMethodAttributes ()

Mono: successfully reloaded assembly
[Package Manager] Failed to launch server process. Reason: Unity was launched with the -noUpm command-line argument
[Package Manager] Unable to send message (not connected to server process).
[Package Manager] Cannot connect to Unity Package Manager local server
- Finished resetting the current domain, in  1.448 seconds
Domain Reload Profiling: 2819ms
	BeginReloadAssembly (360ms)
		ExecutionOrderSort (0ms)
		DisableScriptedObjects (10ms)
		BackupInstance (0ms)
		ReleaseScriptingObjects (0ms)
		CreateAndSetChildDomain (76ms)
	RebuildCommonClasses (44ms)
	RebuildNativeTypeToScriptingClass (21ms)
	initialDomainReloadingComplete (56ms)
	LoadAllAssembliesAndSetupDomain (886ms)
		LoadAssemblies (749ms)
		RebuildTransferFunctionScriptingTraits (0ms)
		AnalyzeDomain (292ms)
			TypeCache.Refresh (15ms)
				TypeCache.ScanAssembly (1ms)
			BuildScriptInfoCaches (250ms)
			ResolveRequiredComponents (22ms)
	FinalizeReload (1451ms)
		ReleaseScriptCaches (0ms)
		RebuildScriptCaches (0ms)
		SetupLoadedEditorAssemblies (1191ms)
			LogAssemblyErrors (0ms)
			InitializePlatformSupportModulesInManaged (13ms)
			SetLoadedEditorAssemblies (6ms)
			BeforeProcessingInitializeOnLoad (372ms)
			ProcessInitializeOnLoadAttributes (624ms)
			ProcessInitializeOnLoadMethodAttributes (154ms)
			AfterProcessingInitializeOnLoad (21ms)
			EditorAssembliesLoaded (0ms)
		ExecutionOrderSort2 (0ms)
		AwakeInstancesAfterBackupRestoration (27ms)
WARNING: Shader Unsupported: 'Hidden/Simulation/URP/Synthetic' - All subshaders removed
WARNING: Shader Did you use #pragma only_renderers and omit this platform?
WARNING: Shader If subshaders removal was intentional, you may have forgotten turning Fallback off?
WARNING: Shader Unsupported: 'Hidden/Simulation/URP/Synthetic' - All subshaders removed
WARNING: Shader Did you use #pragma only_renderers and omit this platform?
WARNING: Shader If subshaders removal was intentional, you may have forgotten turning Fallback off?
WARNING: Shader Unsupported: 'Hidden/Simulation/Synthetic Lit' - All subshaders removed
WARNING: Shader Did you use #pragma only_renderers and omit this platform?
WARNING: Shader If subshaders removal was intentional, you may have forgotten turning Fallback off?
WARNING: Shader Unsupported: 'Hidden/Simulation/Synthetic Lit' - All subshaders removed
WARNING: Shader Did you use #pragma only_renderers and omit this platform?
WARNING: Shader If subshaders removal was intentional, you may have forgotten turning Fallback off?
WARNING: Shader Unsupported: 'Simulation/Standard Lit' - All subshaders removed
WARNING: Shader Did you use #pragma only_renderers and omit this platform?
WARNING: Shader If subshaders removal was intentional, you may have forgotten turning Fallback off?
WARNING: Shader Unsupported: 'Simulation/Standard Lit' - All subshaders removed
WARNING: Shader Did you use #pragma only_renderers and omit this platform?
WARNING: Shader If subshaders removal was intentional, you may have forgotten turning Fallback off?
WARNING: Shader Unsupported: 'Simulation/URP/Room X-Ray' - All subshaders removed
WARNING: Shader Did you use #pragma only_renderers and omit this platform?
WARNING: Shader If subshaders removal was intentional, you may have forgotten turning Fallback off?
WARNING: Shader Unsupported: 'Simulation/URP/Room X-Ray' - All subshaders removed
WARNING: Shader Did you use #pragma only_renderers and omit this platform?
WARNING: Shader If subshaders removal was intentional, you may have forgotten turning Fallback off?
WARNING: Shader Unsupported: 'Simulation/Room X-Ray' - All subshaders removed
WARNING: Shader Did you use #pragma only_renderers and omit this platform?
WARNING: Shader If subshaders removal was intentional, you may have forgotten turning Fallback off?
WARNING: Shader Unsupported: 'Simulation/Room X-Ray' - All subshaders removed
WARNING: Shader Did you use #pragma only_renderers and omit this platform?
WARNING: Shader If subshaders removal was intentional, you may have forgotten turning Fallback off?
WARNING: Shader Unsupported: 'Simulation/URP/Lit' - All subshaders removed
WARNING: Shader Did you use #pragma only_renderers and omit this platform?
WARNING: Shader If subshaders removal was intentional, you may have forgotten turning Fallback off?
WARNING: Shader Unsupported: 'Simulation/URP/Lit' - All subshaders removed
WARNING: Shader Did you use #pragma only_renderers and omit this platform?
WARNING: Shader If subshaders removal was intentional, you may have forgotten turning Fallback off?
Refreshing native plugins compatible for Editor in 24.35 ms, found 14 plugins.
Preloading 1 native plugins for Editor in 0.21 ms.
Unloading 20 Unused Serialized files (Serialized files now loaded: 0)
Unloading 7914 unused Assets / (8.8 MB). Loaded Objects now: 8603.
Memory consumption went from 200.0 MB to 191.2 MB.
Total: 17.780400 ms (FindLiveObjects: 1.114300 ms CreateObjectMapping: 1.674500 ms MarkObjects: 7.559700 ms  DeleteObjects: 7.430600 ms)

Prepare: number of updated asset objects reloaded= 0
========================================================================
Received Import Request.
  Time since last request: 650.004393 seconds.
  path: Assets/Samples/XR Interaction Toolkit/3.2.2/Starter Assets/DemoSceneAssets/Audio/Button Pop.wav
  artifactKey: Guid(16fba6d30ed741d4a9fdd6e79ee2f3ac) Importer(815301076,1909f56bfc062723c751e8b465ee728b)
Start importing Assets/Samples/XR Interaction Toolkit/3.2.2/Starter Assets/DemoSceneAssets/Audio/Button Pop.wav using Guid(16fba6d30ed741d4a9fdd6e79ee2f3ac) Importer(815301076,1909f56bfc062723c751e8b465ee728b) (PreviewImporter) -> (artifact id: '003f4e4b3fc5d16e44a95b89cae4da28') in 0.1261421 seconds
Number of updated asset objects reloaded before import = 0Number of asset objects unloaded after import = 2

========================================================================
Received Import Request.
  Time since last request: 0.000020 seconds.
  path: Assets/Sounds/weapons-rifle-infantry-rifle-reload-01.wav
  artifactKey: Guid(488e259ff976191458ea4eeb6cdfcb69) Importer(815301076,1909f56bfc062723c751e8b465ee728b)
Start importing Assets/Sounds/weapons-rifle-infantry-rifle-reload-01.wav using Guid(488e259ff976191458ea4eeb6cdfcb69) Importer(815301076,1909f56bfc062723c751e8b465ee728b) (PreviewImporter) -> (artifact id: '495d6788c20d198f3b7881d72387f972') in 0.0184117 seconds
Number of updated asset objects reloaded before import = 0Number of asset objects unloaded after import = 2

========================================================================
Received Prepare
[Licensing::Client] Successfully resolved entitlement details
Begin MonoManager ReloadAssembly
[Licensing::Client] Successfully resolved entitlement details
- Loaded All Assemblies, in  1.320 seconds
Refreshing native plugins compatible for Editor in 23.37 ms, found 14 plugins.
Native extension for Android target not found
Native extension for WindowsStandalone target not found
[Package Manager] Failed to launch server process. Reason: Unity was launched with the -noUpm command-line argument
[Package Manager] Unable to send message (not connected to server process).
[Package Manager] Cannot connect to Unity Package Manager local server
[Package Manager] Failed to launch server process. Reason: Unity was launched with the -noUpm command-line argument
[Package Manager] Unable to send message (not connected to server process).
[Package Manager] Cannot connect to Unity Package Manager local server
System.Reflection.TargetInvocationException: Exception has been thrown by the target of an invocation. ---> System.NullReferenceException: Object reference not set to an instance of an object
  at Unity.XR.Oculus.OculusLoader.AssetPathToAbsolutePath (System.String assetPath) [0x00041] in .\Library\PackageCache\com.unity.xr.oculus@44578ba4bd45\Runtime\OculusLoader.cs:312 
  at Unity.XR.Oculus.OculusLoader.EditorLoadOVRPlugin () [0x000dd] in .\Library\PackageCache\com.unity.xr.oculus@44578ba4bd45\Runtime\OculusLoader.cs:297 
  at (wrapper managed-to-native) System.Reflection.RuntimeMethodInfo.InternalInvoke(System.Reflection.RuntimeMethodInfo,object,object[],System.Exception&)
  at System.Reflection.RuntimeMethodInfo.Invoke (System.Object obj, System.Reflection.BindingFlags invokeAttr, System.Reflection.Binder binder, System.Object[] parameters, System.Globalization.CultureInfo culture) [0x0006a] in <715c8f689fc74561a4fef078d73c94aa>:0 
   --- End of inner exception stack trace ---
  at System.Reflection.RuntimeMethodInfo.Invoke (System.Object obj, System.Reflection.BindingFlags invokeAttr, System.Reflection.Binder binder, System.Object[] parameters, System.Globalization.CultureInfo culture) [0x00083] in <715c8f689fc74561a4fef078d73c94aa>:0 
  at System.Reflection.MethodBase.Invoke (System.Object obj, System.Object[] parameters) [0x00000] in <715c8f689fc74561a4fef078d73c94aa>:0 
  at UnityEditor.EditorAssemblies.ProcessInitializeOnLoadMethodAttributes () [0x00087] in <f255d7ad41bf4adf8576cc6ca3827ea0>:0 
UnityEngine.Debug:ExtractStackTraceNoAlloc (byte*,int,string)
UnityEngine.StackTraceUtility:ExtractStackTrace ()
UnityEngine.DebugLogHandler:Internal_Log (UnityEngine.LogType,UnityEngine.LogOption,string,UnityEngine.Object)
UnityEngine.DebugLogHandler:LogFormat (UnityEngine.LogType,UnityEngine.Object,string,object[])
UnityEngine.Logger:Log (UnityEngine.LogType,object)
UnityEngine.Debug:LogError (object)
UnityEditor.EditorAssemblies:ProcessInitializeOnLoadMethodAttributes ()

Mono: successfully reloaded assembly
[Package Manager] Failed to launch server process. Reason: Unity was launched with the -noUpm command-line argument
[Package Manager] Unable to send message (not connected to server process).
[Package Manager] Cannot connect to Unity Package Manager local server
- Finished resetting the current domain, in  1.334 seconds
Domain Reload Profiling: 2634ms
	BeginReloadAssembly (345ms)
		ExecutionOrderSort (0ms)
		DisableScriptedObjects (11ms)
		BackupInstance (0ms)
		ReleaseScriptingObjects (0ms)
		CreateAndSetChildDomain (73ms)
	RebuildCommonClasses (42ms)
	RebuildNativeTypeToScriptingClass (15ms)
	initialDomainReloadingComplete (52ms)
	LoadAllAssembliesAndSetupDomain (846ms)
		LoadAssemblies (716ms)
		RebuildTransferFunctionScriptingTraits (0ms)
		AnalyzeDomain (277ms)
			TypeCache.Refresh (9ms)
				TypeCache.ScanAssembly (0ms)
			BuildScriptInfoCaches (241ms)
			ResolveRequiredComponents (22ms)
	FinalizeReload (1334ms)
		ReleaseScriptCaches (0ms)
		RebuildScriptCaches (0ms)
		SetupLoadedEditorAssemblies (1094ms)
			LogAssemblyErrors (0ms)
			InitializePlatformSupportModulesInManaged (16ms)
			SetLoadedEditorAssemblies (6ms)
			BeforeProcessingInitializeOnLoad (353ms)
			ProcessInitializeOnLoadAttributes (553ms)
			ProcessInitializeOnLoadMethodAttributes (144ms)
			AfterProcessingInitializeOnLoad (22ms)
			EditorAssembliesLoaded (1ms)
		ExecutionOrderSort2 (0ms)
		AwakeInstancesAfterBackupRestoration (23ms)
WARNING: Shader Unsupported: 'Hidden/Simulation/URP/Synthetic' - All subshaders removed
WARNING: Shader Did you use #pragma only_renderers and omit this platform?
WARNING: Shader If subshaders removal was intentional, you may have forgotten turning Fallback off?
WARNING: Shader Unsupported: 'Hidden/Simulation/URP/Synthetic' - All subshaders removed
WARNING: Shader Did you use #pragma only_renderers and omit this platform?
WARNING: Shader If subshaders removal was intentional, you may have forgotten turning Fallback off?
WARNING: Shader Unsupported: 'Hidden/Simulation/Synthetic Lit' - All subshaders removed
WARNING: Shader Did you use #pragma only_renderers and omit this platform?
WARNING: Shader If subshaders removal was intentional, you may have forgotten turning Fallback off?
WARNING: Shader Unsupported: 'Hidden/Simulation/Synthetic Lit' - All subshaders removed
WARNING: Shader Did you use #pragma only_renderers and omit this platform?
WARNING: Shader If subshaders removal was intentional, you may have forgotten turning Fallback off?
WARNING: Shader Unsupported: 'Simulation/Standard Lit' - All subshaders removed
WARNING: Shader Did you use #pragma only_renderers and omit this platform?
WARNING: Shader If subshaders removal was intentional, you may have forgotten turning Fallback off?
WARNING: Shader Unsupported: 'Simulation/Standard Lit' - All subshaders removed
WARNING: Shader Did you use #pragma only_renderers and omit this platform?
WARNING: Shader If subshaders removal was intentional, you may have forgotten turning Fallback off?
WARNING: Shader Unsupported: 'Simulation/URP/Room X-Ray' - All subshaders removed
WARNING: Shader Did you use #pragma only_renderers and omit this platform?
WARNING: Shader If subshaders removal was intentional, you may have forgotten turning Fallback off?
WARNING: Shader Unsupported: 'Simulation/URP/Room X-Ray' - All subshaders removed
WARNING: Shader Did you use #pragma only_renderers and omit this platform?
WARNING: Shader If subshaders removal was intentional, you may have forgotten turning Fallback off?
WARNING: Shader Unsupported: 'Simulation/Room X-Ray' - All subshaders removed
WARNING: Shader Did you use #pragma only_renderers and omit this platform?
WARNING: Shader If subshaders removal was intentional, you may have forgotten turning Fallback off?
WARNING: Shader Unsupported: 'Simulation/Room X-Ray' - All subshaders removed
WARNING: Shader Did you use #pragma only_renderers and omit this platform?
WARNING: Shader If subshaders removal was intentional, you may have forgotten turning Fallback off?
WARNING: Shader Unsupported: 'Simulation/URP/Lit' - All subshaders removed
WARNING: Shader Did you use #pragma only_renderers and omit this platform?
WARNING: Shader If subshaders removal was intentional, you may have forgotten turning Fallback off?
WARNING: Shader Unsupported: 'Simulation/URP/Lit' - All subshaders removed
WARNING: Shader Did you use #pragma only_renderers and omit this platform?
WARNING: Shader If subshaders removal was intentional, you may have forgotten turning Fallback off?
Refreshing native plugins compatible for Editor in 23.52 ms, found 14 plugins.
Preloading 1 native plugins for Editor in 0.12 ms.
Unloading 20 Unused Serialized files (Serialized files now loaded: 0)
Unloading 7914 unused Assets / (9.1 MB). Loaded Objects now: 8608.
Memory consumption went from 245.7 MB to 236.6 MB.
Total: 14.856700 ms (FindLiveObjects: 1.065700 ms CreateObjectMapping: 1.782800 ms MarkObjects: 5.515400 ms  DeleteObjects: 6.491400 ms)

Prepare: number of updated asset objects reloaded= 0
========================================================================
Received Prepare
WARNING: Shader Unsupported: 'Hidden/Simulation/URP/Synthetic' - All subshaders removed
WARNING: Shader Did you use #pragma only_renderers and omit this platform?
WARNING: Shader If subshaders removal was intentional, you may have forgotten turning Fallback off?
WARNING: Shader Unsupported: 'Hidden/Simulation/URP/Synthetic' - All subshaders removed
WARNING: Shader Did you use #pragma only_renderers and omit this platform?
WARNING: Shader If subshaders removal was intentional, you may have forgotten turning Fallback off?
WARNING: Shader Unsupported: 'Hidden/Simulation/Synthetic Lit' - All subshaders removed
WARNING: Shader Did you use #pragma only_renderers and omit this platform?
WARNING: Shader If subshaders removal was intentional, you may have forgotten turning Fallback off?
WARNING: Shader Unsupported: 'Hidden/Simulation/Synthetic Lit' - All subshaders removed
WARNING: Shader Did you use #pragma only_renderers and omit this platform?
WARNING: Shader If subshaders removal was intentional, you may have forgotten turning Fallback off?
WARNING: Shader Unsupported: 'Simulation/Standard Lit' - All subshaders removed
WARNING: Shader Did you use #pragma only_renderers and omit this platform?
WARNING: Shader If subshaders removal was intentional, you may have forgotten turning Fallback off?
WARNING: Shader Unsupported: 'Simulation/Standard Lit' - All subshaders removed
WARNING: Shader Did you use #pragma only_renderers and omit this platform?
WARNING: Shader If subshaders removal was intentional, you may have forgotten turning Fallback off?
WARNING: Shader Unsupported: 'Simulation/URP/Room X-Ray' - All subshaders removed
WARNING: Shader Did you use #pragma only_renderers and omit this platform?
WARNING: Shader If subshaders removal was intentional, you may have forgotten turning Fallback off?
WARNING: Shader Unsupported: 'Simulation/URP/Room X-Ray' - All subshaders removed
WARNING: Shader Did you use #pragma only_renderers and omit this platform?
WARNING: Shader If subshaders removal was intentional, you may have forgotten turning Fallback off?
WARNING: Shader Unsupported: 'Simulation/Room X-Ray' - All subshaders removed
WARNING: Shader Did you use #pragma only_renderers and omit this platform?
WARNING: Shader If subshaders removal was intentional, you may have forgotten turning Fallback off?
WARNING: Shader Unsupported: 'Simulation/Room X-Ray' - All subshaders removed
WARNING: Shader Did you use #pragma only_renderers and omit this platform?
WARNING: Shader If subshaders removal was intentional, you may have forgotten turning Fallback off?
WARNING: Shader Unsupported: 'Simulation/URP/Lit' - All subshaders removed
WARNING: Shader Did you use #pragma only_renderers and omit this platform?
WARNING: Shader If subshaders removal was intentional, you may have forgotten turning Fallback off?
WARNING: Shader Unsupported: 'Simulation/URP/Lit' - All subshaders removed
WARNING: Shader Did you use #pragma only_renderers and omit this platform?
WARNING: Shader If subshaders removal was intentional, you may have forgotten turning Fallback off?
Refreshing native plugins compatible for Editor in 23.86 ms, found 14 plugins.
Preloading 1 native plugins for Editor in 0.13 ms.
Unloading 20 Unused Serialized files (Serialized files now loaded: 0)
Unloading 20 unused Assets / (3.6 MB). Loaded Objects now: 8608.
Memory consumption went from 211.1 MB to 207.5 MB.
Total: 9.326700 ms (FindLiveObjects: 0.537100 ms CreateObjectMapping: 0.573100 ms MarkObjects: 4.988600 ms  DeleteObjects: 3.227000 ms)

Prepare: number of updated asset objects reloaded= 0
========================================================================
Received Prepare
WARNING: Shader Unsupported: 'Hidden/Simulation/URP/Synthetic' - All subshaders removed
WARNING: Shader Did you use #pragma only_renderers and omit this platform?
WARNING: Shader If subshaders removal was intentional, you may have forgotten turning Fallback off?
WARNING: Shader Unsupported: 'Hidden/Simulation/URP/Synthetic' - All subshaders removed
WARNING: Shader Did you use #pragma only_renderers and omit this platform?
WARNING: Shader If subshaders removal was intentional, you may have forgotten turning Fallback off?
WARNING: Shader Unsupported: 'Hidden/Simulation/Synthetic Lit' - All subshaders removed
WARNING: Shader Did you use #pragma only_renderers and omit this platform?
WARNING: Shader If subshaders removal was intentional, you may have forgotten turning Fallback off?
WARNING: Shader Unsupported: 'Hidden/Simulation/Synthetic Lit' - All subshaders removed
WARNING: Shader Did you use #pragma only_renderers and omit this platform?
WARNING: Shader If subshaders removal was intentional, you may have forgotten turning Fallback off?
WARNING: Shader Unsupported: 'Simulation/Standard Lit' - All subshaders removed
WARNING: Shader Did you use #pragma only_renderers and omit this platform?
WARNING: Shader If subshaders removal was intentional, you may have forgotten turning Fallback off?
WARNING: Shader Unsupported: 'Simulation/Standard Lit' - All subshaders removed
WARNING: Shader Did you use #pragma only_renderers and omit this platform?
WARNING: Shader If subshaders removal was intentional, you may have forgotten turning Fallback off?
WARNING: Shader Unsupported: 'Simulation/URP/Room X-Ray' - All subshaders removed
WARNING: Shader Did you use #pragma only_renderers and omit this platform?
WARNING: Shader If subshaders removal was intentional, you may have forgotten turning Fallback off?
WARNING: Shader Unsupported: 'Simulation/URP/Room X-Ray' - All subshaders removed
WARNING: Shader Did you use #pragma only_renderers and omit this platform?
WARNING: Shader If subshaders removal was intentional, you may have forgotten turning Fallback off?
WARNING: Shader Unsupported: 'Simulation/Room X-Ray' - All subshaders removed
WARNING: Shader Did you use #pragma only_renderers and omit this platform?
WARNING: Shader If subshaders removal was intentional, you may have forgotten turning Fallback off?
WARNING: Shader Unsupported: 'Simulation/Room X-Ray' - All subshaders removed
WARNING: Shader Did you use #pragma only_renderers and omit this platform?
WARNING: Shader If subshaders removal was intentional, you may have forgotten turning Fallback off?
WARNING: Shader Unsupported: 'Simulation/URP/Lit' - All subshaders removed
WARNING: Shader Did you use #pragma only_renderers and omit this platform?
WARNING: Shader If subshaders removal was intentional, you may have forgotten turning Fallback off?
WARNING: Shader Unsupported: 'Simulation/URP/Lit' - All subshaders removed
WARNING: Shader Did you use #pragma only_renderers and omit this platform?
WARNING: Shader If subshaders removal was intentional, you may have forgotten turning Fallback off?
Refreshing native plugins compatible for Editor in 23.33 ms, found 14 plugins.
Preloading 1 native plugins for Editor in 0.12 ms.
Unloading 20 Unused Serialized files (Serialized files now loaded: 0)
Unloading 7700 unused Assets / (8.8 MB). Loaded Objects now: 8587.
Memory consumption went from 216.4 MB to 207.6 MB.
Total: 13.082500 ms (FindLiveObjects: 1.011400 ms CreateObjectMapping: 1.517900 ms MarkObjects: 4.990800 ms  DeleteObjects: 5.561400 ms)

Prepare: number of updated asset objects reloaded= 0
========================================================================
Received Prepare
[Licensing::Client] Successfully resolved entitlement details
Begin MonoManager ReloadAssembly
[Licensing::Client] Successfully resolved entitlement details
- Loaded All Assemblies, in  1.312 seconds
Refreshing native plugins compatible for Editor in 25.85 ms, found 14 plugins.
Native extension for Android target not found
Native extension for WindowsStandalone target not found
[Package Manager] Failed to launch server process. Reason: Unity was launched with the -noUpm command-line argument
[Package Manager] Unable to send message (not connected to server process).
[Package Manager] Cannot connect to Unity Package Manager local server
[Package Manager] Failed to launch server process. Reason: Unity was launched with the -noUpm command-line argument
[Package Manager] Unable to send message (not connected to server process).
[Package Manager] Cannot connect to Unity Package Manager local server
System.Reflection.TargetInvocationException: Exception has been thrown by the target of an invocation. ---> System.NullReferenceException: Object reference not set to an instance of an object
  at Unity.XR.Oculus.OculusLoader.AssetPathToAbsolutePath (System.String assetPath) [0x00041] in .\Library\PackageCache\com.unity.xr.oculus@44578ba4bd45\Runtime\OculusLoader.cs:312 
  at Unity.XR.Oculus.OculusLoader.EditorLoadOVRPlugin () [0x000dd] in .\Library\PackageCache\com.unity.xr.oculus@44578ba4bd45\Runtime\OculusLoader.cs:297 
  at (wrapper managed-to-native) System.Reflection.RuntimeMethodInfo.InternalInvoke(System.Reflection.RuntimeMethodInfo,object,object[],System.Exception&)
  at System.Reflection.RuntimeMethodInfo.Invoke (System.Object obj, System.Reflection.BindingFlags invokeAttr, System.Reflection.Binder binder, System.Object[] parameters, System.Globalization.CultureInfo culture) [0x0006a] in <715c8f689fc74561a4fef078d73c94aa>:0 
   --- End of inner exception stack trace ---
  at System.Reflection.RuntimeMethodInfo.Invoke (System.Object obj, System.Reflection.BindingFlags invokeAttr, System.Reflection.Binder binder, System.Object[] parameters, System.Globalization.CultureInfo culture) [0x00083] in <715c8f689fc74561a4fef078d73c94aa>:0 
  at System.Reflection.MethodBase.Invoke (System.Object obj, System.Object[] parameters) [0x00000] in <715c8f689fc74561a4fef078d73c94aa>:0 
  at UnityEditor.EditorAssemblies.ProcessInitializeOnLoadMethodAttributes () [0x00087] in <f255d7ad41bf4adf8576cc6ca3827ea0>:0 
UnityEngine.Debug:ExtractStackTraceNoAlloc (byte*,int,string)
UnityEngine.StackTraceUtility:ExtractStackTrace ()
UnityEngine.DebugLogHandler:Internal_Log (UnityEngine.LogType,UnityEngine.LogOption,string,UnityEngine.Object)
UnityEngine.DebugLogHandler:LogFormat (UnityEngine.LogType,UnityEngine.Object,string,object[])
UnityEngine.Logger:Log (UnityEngine.LogType,object)
UnityEngine.Debug:LogError (object)
UnityEditor.EditorAssemblies:ProcessInitializeOnLoadMethodAttributes ()

Mono: successfully reloaded assembly
[Package Manager] Failed to launch server process. Reason: Unity was launched with the -noUpm command-line argument
[Package Manager] Unable to send message (not connected to server process).
[Package Manager] Cannot connect to Unity Package Manager local server
- Finished resetting the current domain, in  1.396 seconds
Domain Reload Profiling: 2685ms
	BeginReloadAssembly (323ms)
		ExecutionOrderSort (0ms)
		DisableScriptedObjects (7ms)
		BackupInstance (0ms)
		ReleaseScriptingObjects (0ms)
		CreateAndSetChildDomain (64ms)
	RebuildCommonClasses (44ms)
	RebuildNativeTypeToScriptingClass (15ms)
	initialDomainReloadingComplete (50ms)
	LoadAllAssembliesAndSetupDomain (858ms)
		LoadAssemblies (713ms)
		RebuildTransferFunctionScriptingTraits (0ms)
		AnalyzeDomain (284ms)
			TypeCache.Refresh (16ms)
				TypeCache.ScanAssembly (1ms)
			BuildScriptInfoCaches (247ms)
			ResolveRequiredComponents (17ms)
	FinalizeReload (1396ms)
		ReleaseScriptCaches (0ms)
		RebuildScriptCaches (0ms)
		SetupLoadedEditorAssemblies (1150ms)
			LogAssemblyErrors (0ms)
			InitializePlatformSupportModulesInManaged (12ms)
			SetLoadedEditorAssemblies (6ms)
			BeforeProcessingInitializeOnLoad (334ms)
			ProcessInitializeOnLoadAttributes (605ms)
			ProcessInitializeOnLoadMethodAttributes (170ms)
			AfterProcessingInitializeOnLoad (22ms)
			EditorAssembliesLoaded (1ms)
		ExecutionOrderSort2 (0ms)
		AwakeInstancesAfterBackupRestoration (27ms)
WARNING: Shader Unsupported: 'Hidden/Simulation/URP/Synthetic' - All subshaders removed
WARNING: Shader Did you use #pragma only_renderers and omit this platform?
WARNING: Shader If subshaders removal was intentional, you may have forgotten turning Fallback off?
WARNING: Shader Unsupported: 'Hidden/Simulation/URP/Synthetic' - All subshaders removed
WARNING: Shader Did you use #pragma only_renderers and omit this platform?
WARNING: Shader If subshaders removal was intentional, you may have forgotten turning Fallback off?
WARNING: Shader Unsupported: 'Hidden/Simulation/Synthetic Lit' - All subshaders removed
WARNING: Shader Did you use #pragma only_renderers and omit this platform?
WARNING: Shader If subshaders removal was intentional, you may have forgotten turning Fallback off?
WARNING: Shader Unsupported: 'Hidden/Simulation/Synthetic Lit' - All subshaders removed
WARNING: Shader Did you use #pragma only_renderers and omit this platform?
WARNING: Shader If subshaders removal was intentional, you may have forgotten turning Fallback off?
WARNING: Shader Unsupported: 'Simulation/Standard Lit' - All subshaders removed
WARNING: Shader Did you use #pragma only_renderers and omit this platform?
WARNING: Shader If subshaders removal was intentional, you may have forgotten turning Fallback off?
WARNING: Shader Unsupported: 'Simulation/Standard Lit' - All subshaders removed
WARNING: Shader Did you use #pragma only_renderers and omit this platform?
WARNING: Shader If subshaders removal was intentional, you may have forgotten turning Fallback off?
WARNING: Shader Unsupported: 'Simulation/URP/Room X-Ray' - All subshaders removed
WARNING: Shader Did you use #pragma only_renderers and omit this platform?
WARNING: Shader If subshaders removal was intentional, you may have forgotten turning Fallback off?
WARNING: Shader Unsupported: 'Simulation/URP/Room X-Ray' - All subshaders removed
WARNING: Shader Did you use #pragma only_renderers and omit this platform?
WARNING: Shader If subshaders removal was intentional, you may have forgotten turning Fallback off?
WARNING: Shader Unsupported: 'Simulation/Room X-Ray' - All subshaders removed
WARNING: Shader Did you use #pragma only_renderers and omit this platform?
WARNING: Shader If subshaders removal was intentional, you may have forgotten turning Fallback off?
WARNING: Shader Unsupported: 'Simulation/Room X-Ray' - All subshaders removed
WARNING: Shader Did you use #pragma only_renderers and omit this platform?
WARNING: Shader If subshaders removal was intentional, you may have forgotten turning Fallback off?
WARNING: Shader Unsupported: 'Simulation/URP/Lit' - All subshaders removed
WARNING: Shader Did you use #pragma only_renderers and omit this platform?
WARNING: Shader If subshaders removal was intentional, you may have forgotten turning Fallback off?
WARNING: Shader Unsupported: 'Simulation/URP/Lit' - All subshaders removed
WARNING: Shader Did you use #pragma only_renderers and omit this platform?
WARNING: Shader If subshaders removal was intentional, you may have forgotten turning Fallback off?
Refreshing native plugins compatible for Editor in 23.48 ms, found 14 plugins.
Preloading 1 native plugins for Editor in 0.12 ms.
Unloading 20 Unused Serialized files (Serialized files now loaded: 0)
Unloading 7914 unused Assets / (8.2 MB). Loaded Objects now: 8611.
Memory consumption went from 245.8 MB to 237.6 MB.
Total: 15.402200 ms (FindLiveObjects: 1.289500 ms CreateObjectMapping: 1.877800 ms MarkObjects: 5.392200 ms  DeleteObjects: 6.841500 ms)

Prepare: number of updated asset objects reloaded= 0
========================================================================
Received Prepare
Begin MonoManager ReloadAssembly
- Loaded All Assemblies, in  1.399 seconds
[Licensing::Client] Successfully resolved entitlement details
Refreshing native plugins compatible for Editor in 26.32 ms, found 14 plugins.
Native extension for Android target not found
Native extension for WindowsStandalone target not found
[Package Manager] Failed to launch server process. Reason: Unity was launched with the -noUpm command-line argument
[Package Manager] Unable to send message (not connected to server process).
[Package Manager] Cannot connect to Unity Package Manager local server
[Package Manager] Failed to launch server process. Reason: Unity was launched with the -noUpm command-line argument
[Package Manager] Unable to send message (not connected to server process).
[Package Manager] Cannot connect to Unity Package Manager local server
System.Reflection.TargetInvocationException: Exception has been thrown by the target of an invocation. ---> System.NullReferenceException: Object reference not set to an instance of an object
  at Unity.XR.Oculus.OculusLoader.AssetPathToAbsolutePath (System.String assetPath) [0x00041] in .\Library\PackageCache\com.unity.xr.oculus@44578ba4bd45\Runtime\OculusLoader.cs:312 
  at Unity.XR.Oculus.OculusLoader.EditorLoadOVRPlugin () [0x000dd] in .\Library\PackageCache\com.unity.xr.oculus@44578ba4bd45\Runtime\OculusLoader.cs:297 
  at (wrapper managed-to-native) System.Reflection.RuntimeMethodInfo.InternalInvoke(System.Reflection.RuntimeMethodInfo,object,object[],System.Exception&)
  at System.Reflection.RuntimeMethodInfo.Invoke (System.Object obj, System.Reflection.BindingFlags invokeAttr, System.Reflection.Binder binder, System.Object[] parameters, System.Globalization.CultureInfo culture) [0x0006a] in <715c8f689fc74561a4fef078d73c94aa>:0 
   --- End of inner exception stack trace ---
  at System.Reflection.RuntimeMethodInfo.Invoke (System.Object obj, System.Reflection.BindingFlags invokeAttr, System.Reflection.Binder binder, System.Object[] parameters, System.Globalization.CultureInfo culture) [0x00083] in <715c8f689fc74561a4fef078d73c94aa>:0 
  at System.Reflection.MethodBase.Invoke (System.Object obj, System.Object[] parameters) [0x00000] in <715c8f689fc74561a4fef078d73c94aa>:0 
  at UnityEditor.EditorAssemblies.ProcessInitializeOnLoadMethodAttributes () [0x00087] in <f255d7ad41bf4adf8576cc6ca3827ea0>:0 
UnityEngine.Debug:ExtractStackTraceNoAlloc (byte*,int,string)
UnityEngine.StackTraceUtility:ExtractStackTrace ()
UnityEngine.DebugLogHandler:Internal_Log (UnityEngine.LogType,UnityEngine.LogOption,string,UnityEngine.Object)
UnityEngine.DebugLogHandler:LogFormat (UnityEngine.LogType,UnityEngine.Object,string,object[])
UnityEngine.Logger:Log (UnityEngine.LogType,object)
UnityEngine.Debug:LogError (object)
UnityEditor.EditorAssemblies:ProcessInitializeOnLoadMethodAttributes ()

Mono: successfully reloaded assembly
[Package Manager] Failed to launch server process. Reason: Unity was launched with the -noUpm command-line argument
[Package Manager] Unable to send message (not connected to server process).
[Package Manager] Cannot connect to Unity Package Manager local server
- Finished resetting the current domain, in  1.474 seconds
Domain Reload Profiling: 2851ms
	BeginReloadAssembly (330ms)
		ExecutionOrderSort (0ms)
		DisableScriptedObjects (8ms)
		BackupInstance (0ms)
		ReleaseScriptingObjects (0ms)
		CreateAndSetChildDomain (65ms)
	RebuildCommonClasses (47ms)
	RebuildNativeTypeToScriptingClass (17ms)
	initialDomainReloadingComplete (48ms)
	LoadAllAssembliesAndSetupDomain (934ms)
		LoadAssemblies (790ms)
		RebuildTransferFunctionScriptingTraits (0ms)
		AnalyzeDomain (289ms)
			TypeCache.Refresh (10ms)
				TypeCache.ScanAssembly (0ms)
			BuildScriptInfoCaches (254ms)
			ResolveRequiredComponents (19ms)
	FinalizeReload (1474ms)
		ReleaseScriptCaches (0ms)
		RebuildScriptCaches (0ms)
		SetupLoadedEditorAssemblies (1207ms)
			LogAssemblyErrors (0ms)
			InitializePlatformSupportModulesInManaged (14ms)
			SetLoadedEditorAssemblies (7ms)
			BeforeProcessingInitializeOnLoad (388ms)
			ProcessInitializeOnLoadAttributes (612ms)
			ProcessInitializeOnLoadMethodAttributes (160ms)
			AfterProcessingInitializeOnLoad (25ms)
			EditorAssembliesLoaded (1ms)
		ExecutionOrderSort2 (0ms)
		AwakeInstancesAfterBackupRestoration (25ms)
WARNING: Shader Unsupported: 'Hidden/Simulation/URP/Synthetic' - All subshaders removed
WARNING: Shader Did you use #pragma only_renderers and omit this platform?
WARNING: Shader If subshaders removal was intentional, you may have forgotten turning Fallback off?
WARNING: Shader Unsupported: 'Hidden/Simulation/URP/Synthetic' - All subshaders removed
WARNING: Shader Did you use #pragma only_renderers and omit this platform?
WARNING: Shader If subshaders removal was intentional, you may have forgotten turning Fallback off?
WARNING: Shader Unsupported: 'Hidden/Simulation/Synthetic Lit' - All subshaders removed
WARNING: Shader Did you use #pragma only_renderers and omit this platform?
WARNING: Shader If subshaders removal was intentional, you may have forgotten turning Fallback off?
WARNING: Shader Unsupported: 'Hidden/Simulation/Synthetic Lit' - All subshaders removed
WARNING: Shader Did you use #pragma only_renderers and omit this platform?
WARNING: Shader If subshaders removal was intentional, you may have forgotten turning Fallback off?
WARNING: Shader Unsupported: 'Simulation/Standard Lit' - All subshaders removed
WARNING: Shader Did you use #pragma only_renderers and omit this platform?
WARNING: Shader If subshaders removal was intentional, you may have forgotten turning Fallback off?
WARNING: Shader Unsupported: 'Simulation/Standard Lit' - All subshaders removed
WARNING: Shader Did you use #pragma only_renderers and omit this platform?
WARNING: Shader If subshaders removal was intentional, you may have forgotten turning Fallback off?
WARNING: Shader Unsupported: 'Simulation/URP/Room X-Ray' - All subshaders removed
WARNING: Shader Did you use #pragma only_renderers and omit this platform?
WARNING: Shader If subshaders removal was intentional, you may have forgotten turning Fallback off?
WARNING: Shader Unsupported: 'Simulation/URP/Room X-Ray' - All subshaders removed
WARNING: Shader Did you use #pragma only_renderers and omit this platform?
WARNING: Shader If subshaders removal was intentional, you may have forgotten turning Fallback off?
WARNING: Shader Unsupported: 'Simulation/Room X-Ray' - All subshaders removed
WARNING: Shader Did you use #pragma only_renderers and omit this platform?
WARNING: Shader If subshaders removal was intentional, you may have forgotten turning Fallback off?
WARNING: Shader Unsupported: 'Simulation/Room X-Ray' - All subshaders removed
WARNING: Shader Did you use #pragma only_renderers and omit this platform?
WARNING: Shader If subshaders removal was intentional, you may have forgotten turning Fallback off?
WARNING: Shader Unsupported: 'Simulation/URP/Lit' - All subshaders removed
WARNING: Shader Did you use #pragma only_renderers and omit this platform?
WARNING: Shader If subshaders removal was intentional, you may have forgotten turning Fallback off?
WARNING: Shader Unsupported: 'Simulation/URP/Lit' - All subshaders removed
WARNING: Shader Did you use #pragma only_renderers and omit this platform?
WARNING: Shader If subshaders removal was intentional, you may have forgotten turning Fallback off?
Refreshing native plugins compatible for Editor in 30.17 ms, found 14 plugins.
Preloading 1 native plugins for Editor in 0.13 ms.
Unloading 20 Unused Serialized files (Serialized files now loaded: 0)
Unloading 7914 unused Assets / (9.5 MB). Loaded Objects now: 8614.
Memory consumption went from 245.9 MB to 236.3 MB.
Total: 18.066600 ms (FindLiveObjects: 1.689100 ms CreateObjectMapping: 2.100900 ms MarkObjects: 6.402800 ms  DeleteObjects: 7.872700 ms)

Prepare: number of updated asset objects reloaded= 0
========================================================================
Received Import Request.
  Time since last request: 370.106237 seconds.
  path: Assets/Prefabs/Clay Pot.prefab
  artifactKey: Guid(bbcc3a34a2470cf4084fa9115d715b83) Importer(815301076,1909f56bfc062723c751e8b465ee728b)
Start importing Assets/Prefabs/Clay Pot.prefab using Guid(bbcc3a34a2470cf4084fa9115d715b83) Importer(815301076,1909f56bfc062723c751e8b465ee728b) (PreviewImporter) -> (artifact id: 'f6d3dfc32868fd042e5e99998d8c878e') in 0.563962 seconds
Number of updated asset objects reloaded before import = 0Number of asset objects unloaded after import = 20

========================================================================
Received Prepare
WARNING: Shader Unsupported: 'Hidden/Simulation/URP/Synthetic' - All subshaders removed
WARNING: Shader Did you use #pragma only_renderers and omit this platform?
WARNING: Shader If subshaders removal was intentional, you may have forgotten turning Fallback off?
WARNING: Shader Unsupported: 'Hidden/Simulation/URP/Synthetic' - All subshaders removed
WARNING: Shader Did you use #pragma only_renderers and omit this platform?
WARNING: Shader If subshaders removal was intentional, you may have forgotten turning Fallback off?
WARNING: Shader Unsupported: 'Hidden/Simulation/Synthetic Lit' - All subshaders removed
WARNING: Shader Did you use #pragma only_renderers and omit this platform?
WARNING: Shader If subshaders removal was intentional, you may have forgotten turning Fallback off?
WARNING: Shader Unsupported: 'Hidden/Simulation/Synthetic Lit' - All subshaders removed
WARNING: Shader Did you use #pragma only_renderers and omit this platform?
WARNING: Shader If subshaders removal was intentional, you may have forgotten turning Fallback off?
WARNING: Shader Unsupported: 'Simulation/Standard Lit' - All subshaders removed
WARNING: Shader Did you use #pragma only_renderers and omit this platform?
WARNING: Shader If subshaders removal was intentional, you may have forgotten turning Fallback off?
WARNING: Shader Unsupported: 'Simulation/Standard Lit' - All subshaders removed
WARNING: Shader Did you use #pragma only_renderers and omit this platform?
WARNING: Shader If subshaders removal was intentional, you may have forgotten turning Fallback off?
WARNING: Shader Unsupported: 'Simulation/URP/Room X-Ray' - All subshaders removed
WARNING: Shader Did you use #pragma only_renderers and omit this platform?
WARNING: Shader If subshaders removal was intentional, you may have forgotten turning Fallback off?
WARNING: Shader Unsupported: 'Simulation/URP/Room X-Ray' - All subshaders removed
WARNING: Shader Did you use #pragma only_renderers and omit this platform?
WARNING: Shader If subshaders removal was intentional, you may have forgotten turning Fallback off?
WARNING: Shader Unsupported: 'Simulation/Room X-Ray' - All subshaders removed
WARNING: Shader Did you use #pragma only_renderers and omit this platform?
WARNING: Shader If subshaders removal was intentional, you may have forgotten turning Fallback off?
WARNING: Shader Unsupported: 'Simulation/Room X-Ray' - All subshaders removed
WARNING: Shader Did you use #pragma only_renderers and omit this platform?
WARNING: Shader If subshaders removal was intentional, you may have forgotten turning Fallback off?
WARNING: Shader Unsupported: 'Simulation/URP/Lit' - All subshaders removed
WARNING: Shader Did you use #pragma only_renderers and omit this platform?
WARNING: Shader If subshaders removal was intentional, you may have forgotten turning Fallback off?
WARNING: Shader Unsupported: 'Simulation/URP/Lit' - All subshaders removed
WARNING: Shader Did you use #pragma only_renderers and omit this platform?
WARNING: Shader If subshaders removal was intentional, you may have forgotten turning Fallback off?
Refreshing native plugins compatible for Editor in 22.65 ms, found 14 plugins.
Preloading 1 native plugins for Editor in 0.12 ms.
Unloading 22 Unused Serialized files (Serialized files now loaded: 0)
Unloading 21 unused Assets / (3.8 MB). Loaded Objects now: 8760.
Memory consumption went from 169.5 MB to 165.7 MB.
Total: 9.654100 ms (FindLiveObjects: 0.527700 ms CreateObjectMapping: 0.450000 ms MarkObjects: 6.399600 ms  DeleteObjects: 2.275300 ms)

Prepare: number of updated asset objects reloaded= 0
========================================================================
Received Import Request.
  Time since last request: 119.449789 seconds.
  path: Assets/Prefabs/Clay Pot.prefab
  artifactKey: Guid(bbcc3a34a2470cf4084fa9115d715b83) Importer(815301076,1909f56bfc062723c751e8b465ee728b)
Start importing Assets/Prefabs/Clay Pot.prefab using Guid(bbcc3a34a2470cf4084fa9115d715b83) Importer(815301076,1909f56bfc062723c751e8b465ee728b) (PreviewImporter) -> (artifact id: 'd26b35c055f63491a35e93152e183246') in 0.3397916 seconds
Number of updated asset objects reloaded before import = 0Number of asset objects unloaded after import = 20

========================================================================
Received Prepare
[Licensing::Client] Successfully resolved entitlement details
Begin MonoManager ReloadAssembly
[Licensing::Client] Successfully resolved entitlement details
- Loaded All Assemblies, in  1.327 seconds
Refreshing native plugins compatible for Editor in 22.32 ms, found 14 plugins.
Native extension for Android target not found
Native extension for WindowsStandalone target not found
[Package Manager] Failed to launch server process. Reason: Unity was launched with the -noUpm command-line argument
[Package Manager] Unable to send message (not connected to server process).
[Package Manager] Cannot connect to Unity Package Manager local server
[Package Manager] Failed to launch server process. Reason: Unity was launched with the -noUpm command-line argument
[Package Manager] Unable to send message (not connected to server process).
[Package Manager] Cannot connect to Unity Package Manager local server
System.Reflection.TargetInvocationException: Exception has been thrown by the target of an invocation. ---> System.NullReferenceException: Object reference not set to an instance of an object
  at Unity.XR.Oculus.OculusLoader.AssetPathToAbsolutePath (System.String assetPath) [0x00041] in .\Library\PackageCache\com.unity.xr.oculus@44578ba4bd45\Runtime\OculusLoader.cs:312 
  at Unity.XR.Oculus.OculusLoader.EditorLoadOVRPlugin () [0x000dd] in .\Library\PackageCache\com.unity.xr.oculus@44578ba4bd45\Runtime\OculusLoader.cs:297 
  at (wrapper managed-to-native) System.Reflection.RuntimeMethodInfo.InternalInvoke(System.Reflection.RuntimeMethodInfo,object,object[],System.Exception&)
  at System.Reflection.RuntimeMethodInfo.Invoke (System.Object obj, System.Reflection.BindingFlags invokeAttr, System.Reflection.Binder binder, System.Object[] parameters, System.Globalization.CultureInfo culture) [0x0006a] in <715c8f689fc74561a4fef078d73c94aa>:0 
   --- End of inner exception stack trace ---
  at System.Reflection.RuntimeMethodInfo.Invoke (System.Object obj, System.Reflection.BindingFlags invokeAttr, System.Reflection.Binder binder, System.Object[] parameters, System.Globalization.CultureInfo culture) [0x00083] in <715c8f689fc74561a4fef078d73c94aa>:0 
  at System.Reflection.MethodBase.Invoke (System.Object obj, System.Object[] parameters) [0x00000] in <715c8f689fc74561a4fef078d73c94aa>:0 
  at UnityEditor.EditorAssemblies.ProcessInitializeOnLoadMethodAttributes () [0x00087] in <f255d7ad41bf4adf8576cc6ca3827ea0>:0 
UnityEngine.Debug:ExtractStackTraceNoAlloc (byte*,int,string)
UnityEngine.StackTraceUtility:ExtractStackTrace ()
UnityEngine.DebugLogHandler:Internal_Log (UnityEngine.LogType,UnityEngine.LogOption,string,UnityEngine.Object)
UnityEngine.DebugLogHandler:LogFormat (UnityEngine.LogType,UnityEngine.Object,string,object[])
UnityEngine.Logger:Log (UnityEngine.LogType,object)
UnityEngine.Debug:LogError (object)
UnityEditor.EditorAssemblies:ProcessInitializeOnLoadMethodAttributes ()

Mono: successfully reloaded assembly
[Package Manager] Failed to launch server process. Reason: Unity was launched with the -noUpm command-line argument
[Package Manager] Unable to send message (not connected to server process).
[Package Manager] Cannot connect to Unity Package Manager local server
- Finished resetting the current domain, in  1.332 seconds
Domain Reload Profiling: 2641ms
	BeginReloadAssembly (328ms)
		ExecutionOrderSort (0ms)
		DisableScriptedObjects (10ms)
		BackupInstance (0ms)
		ReleaseScriptingObjects (0ms)
		CreateAndSetChildDomain (70ms)
	RebuildCommonClasses (50ms)
	RebuildNativeTypeToScriptingClass (22ms)
	initialDomainReloadingComplete (47ms)
	LoadAllAssembliesAndSetupDomain (861ms)
		LoadAssemblies (722ms)
		RebuildTransferFunctionScriptingTraits (0ms)
		AnalyzeDomain (279ms)
			TypeCache.Refresh (11ms)
				TypeCache.ScanAssembly (0ms)
			BuildScriptInfoCaches (244ms)
			ResolveRequiredComponents (19ms)
	FinalizeReload (1333ms)
		ReleaseScriptCaches (0ms)
		RebuildScriptCaches (0ms)
		SetupLoadedEditorAssemblies (1098ms)
			LogAssemblyErrors (0ms)
			InitializePlatformSupportModulesInManaged (12ms)
			SetLoadedEditorAssemblies (7ms)
			BeforeProcessingInitializeOnLoad (331ms)
			ProcessInitializeOnLoadAttributes (581ms)
			ProcessInitializeOnLoadMethodAttributes (144ms)
			AfterProcessingInitializeOnLoad (22ms)
			EditorAssembliesLoaded (1ms)
		ExecutionOrderSort2 (0ms)
		AwakeInstancesAfterBackupRestoration (21ms)
WARNING: Shader Unsupported: 'Hidden/Simulation/URP/Synthetic' - All subshaders removed
WARNING: Shader Did you use #pragma only_renderers and omit this platform?
WARNING: Shader If subshaders removal was intentional, you may have forgotten turning Fallback off?
WARNING: Shader Unsupported: 'Hidden/Simulation/URP/Synthetic' - All subshaders removed
WARNING: Shader Did you use #pragma only_renderers and omit this platform?
WARNING: Shader If subshaders removal was intentional, you may have forgotten turning Fallback off?
WARNING: Shader Unsupported: 'Hidden/Simulation/Synthetic Lit' - All subshaders removed
WARNING: Shader Did you use #pragma only_renderers and omit this platform?
WARNING: Shader If subshaders removal was intentional, you may have forgotten turning Fallback off?
WARNING: Shader Unsupported: 'Hidden/Simulation/Synthetic Lit' - All subshaders removed
WARNING: Shader Did you use #pragma only_renderers and omit this platform?
WARNING: Shader If subshaders removal was intentional, you may have forgotten turning Fallback off?
WARNING: Shader Unsupported: 'Simulation/Standard Lit' - All subshaders removed
WARNING: Shader Did you use #pragma only_renderers and omit this platform?
WARNING: Shader If subshaders removal was intentional, you may have forgotten turning Fallback off?
WARNING: Shader Unsupported: 'Simulation/Standard Lit' - All subshaders removed
WARNING: Shader Did you use #pragma only_renderers and omit this platform?
WARNING: Shader If subshaders removal was intentional, you may have forgotten turning Fallback off?
WARNING: Shader Unsupported: 'Simulation/URP/Room X-Ray' - All subshaders removed
WARNING: Shader Did you use #pragma only_renderers and omit this platform?
WARNING: Shader If subshaders removal was intentional, you may have forgotten turning Fallback off?
WARNING: Shader Unsupported: 'Simulation/URP/Room X-Ray' - All subshaders removed
WARNING: Shader Did you use #pragma only_renderers and omit this platform?
WARNING: Shader If subshaders removal was intentional, you may have forgotten turning Fallback off?
WARNING: Shader Unsupported: 'Simulation/Room X-Ray' - All subshaders removed
WARNING: Shader Did you use #pragma only_renderers and omit this platform?
WARNING: Shader If subshaders removal was intentional, you may have forgotten turning Fallback off?
WARNING: Shader Unsupported: 'Simulation/Room X-Ray' - All subshaders removed
WARNING: Shader Did you use #pragma only_renderers and omit this platform?
WARNING: Shader If subshaders removal was intentional, you may have forgotten turning Fallback off?
WARNING: Shader Unsupported: 'Simulation/URP/Lit' - All subshaders removed
WARNING: Shader Did you use #pragma only_renderers and omit this platform?
WARNING: Shader If subshaders removal was intentional, you may have forgotten turning Fallback off?
WARNING: Shader Unsupported: 'Simulation/URP/Lit' - All subshaders removed
WARNING: Shader Did you use #pragma only_renderers and omit this platform?
WARNING: Shader If subshaders removal was intentional, you may have forgotten turning Fallback off?
Refreshing native plugins compatible for Editor in 22.16 ms, found 14 plugins.
Preloading 1 native plugins for Editor in 0.11 ms.
Unloading 20 Unused Serialized files (Serialized files now loaded: 0)
Unloading 7914 unused Assets / (8.8 MB). Loaded Objects now: 8658.
Memory consumption went from 246.0 MB to 237.2 MB.
Total: 15.146000 ms (FindLiveObjects: 1.159000 ms CreateObjectMapping: 1.777400 ms MarkObjects: 5.914000 ms  DeleteObjects: 6.294300 ms)

Prepare: number of updated asset objects reloaded= 0
========================================================================
Received Prepare
WARNING: Shader Unsupported: 'Hidden/Simulation/URP/Synthetic' - All subshaders removed
WARNING: Shader Did you use #pragma only_renderers and omit this platform?
WARNING: Shader If subshaders removal was intentional, you may have forgotten turning Fallback off?
WARNING: Shader Unsupported: 'Hidden/Simulation/URP/Synthetic' - All subshaders removed
WARNING: Shader Did you use #pragma only_renderers and omit this platform?
WARNING: Shader If subshaders removal was intentional, you may have forgotten turning Fallback off?
WARNING: Shader Unsupported: 'Hidden/Simulation/Synthetic Lit' - All subshaders removed
WARNING: Shader Did you use #pragma only_renderers and omit this platform?
WARNING: Shader If subshaders removal was intentional, you may have forgotten turning Fallback off?
WARNING: Shader Unsupported: 'Hidden/Simulation/Synthetic Lit' - All subshaders removed
WARNING: Shader Did you use #pragma only_renderers and omit this platform?
WARNING: Shader If subshaders removal was intentional, you may have forgotten turning Fallback off?
WARNING: Shader Unsupported: 'Simulation/Standard Lit' - All subshaders removed
WARNING: Shader Did you use #pragma only_renderers and omit this platform?
WARNING: Shader If subshaders removal was intentional, you may have forgotten turning Fallback off?
WARNING: Shader Unsupported: 'Simulation/Standard Lit' - All subshaders removed
WARNING: Shader Did you use #pragma only_renderers and omit this platform?
WARNING: Shader If subshaders removal was intentional, you may have forgotten turning Fallback off?
WARNING: Shader Unsupported: 'Simulation/URP/Room X-Ray' - All subshaders removed
WARNING: Shader Did you use #pragma only_renderers and omit this platform?
WARNING: Shader If subshaders removal was intentional, you may have forgotten turning Fallback off?
WARNING: Shader Unsupported: 'Simulation/URP/Room X-Ray' - All subshaders removed
WARNING: Shader Did you use #pragma only_renderers and omit this platform?
WARNING: Shader If subshaders removal was intentional, you may have forgotten turning Fallback off?
WARNING: Shader Unsupported: 'Simulation/Room X-Ray' - All subshaders removed
WARNING: Shader Did you use #pragma only_renderers and omit this platform?
WARNING: Shader If subshaders removal was intentional, you may have forgotten turning Fallback off?
WARNING: Shader Unsupported: 'Simulation/Room X-Ray' - All subshaders removed
WARNING: Shader Did you use #pragma only_renderers and omit this platform?
WARNING: Shader If subshaders removal was intentional, you may have forgotten turning Fallback off?
WARNING: Shader Unsupported: 'Simulation/URP/Lit' - All subshaders removed
WARNING: Shader Did you use #pragma only_renderers and omit this platform?
WARNING: Shader If subshaders removal was intentional, you may have forgotten turning Fallback off?
WARNING: Shader Unsupported: 'Simulation/URP/Lit' - All subshaders removed
WARNING: Shader Did you use #pragma only_renderers and omit this platform?
WARNING: Shader If subshaders removal was intentional, you may have forgotten turning Fallback off?
Refreshing native plugins compatible for Editor in 23.79 ms, found 14 plugins.
Preloading 1 native plugins for Editor in 0.12 ms.
Unloading 20 Unused Serialized files (Serialized files now loaded: 0)
Unloading 20 unused Assets / (3.7 MB). Loaded Objects now: 8658.
Memory consumption went from 211.4 MB to 207.7 MB.
Total: 8.663200 ms (FindLiveObjects: 0.591100 ms CreateObjectMapping: 0.616900 ms MarkObjects: 5.348400 ms  DeleteObjects: 2.105800 ms)

Prepare: number of updated asset objects reloaded= 0
========================================================================
Received Import Request.
  Time since last request: 136.383098 seconds.
  path: Assets/Prefabs
  artifactKey: Guid(0352b2a79eb7b3e48a5b6a91daacac35) Importer(815301076,1909f56bfc062723c751e8b465ee728b)
Start importing Assets/Prefabs using Guid(0352b2a79eb7b3e48a5b6a91daacac35) Importer(815301076,1909f56bfc062723c751e8b465ee728b) (PreviewImporter) -> (artifact id: '3d2f125ba24b553804fdf60aa2a629f7') in 0.0044223 seconds
Number of updated asset objects reloaded before import = 0Number of asset objects unloaded after import = 0

========================================================================
Received Import Request.
  Time since last request: 0.352689 seconds.
  path: Assets/Scripts/ClayTarget.cs
  artifactKey: Guid(577ad5839579585448ae40d2f480bd07) Importer(2089858483,192608db42251d675da83286b1cce702)
Start importing Assets/Scripts/ClayTarget.cs using Guid(577ad5839579585448ae40d2f480bd07) Importer(2089858483,192608db42251d675da83286b1cce702) (ScriptedImporter) -> (artifact id: '59b534e9e9ce8f79ad7ba299b9cf6f98') in 0.2678107 seconds
Number of updated asset objects reloaded before import = 0Number of asset objects unloaded after import = 0

========================================================================
Received Import Request.
  Time since last request: 0.000017 seconds.
  path: Assets/Samples/XR Hands/1.7.2/HandVisualizer/Materials/Green.mat
  artifactKey: Guid(727f87098255ad04987a60f5f08390bc) Importer(2089858483,192608db42251d675da83286b1cce702)
Start importing Assets/Samples/XR Hands/1.7.2/HandVisualizer/Materials/Green.mat using Guid(727f87098255ad04987a60f5f08390bc) Importer(2089858483,192608db42251d675da83286b1cce702) (ScriptedImporter) -> (artifact id: 'f2d3a0cc459344dbc682ead9b3ce68b5') in 0.0265894 seconds
Number of updated asset objects reloaded before import = 0Number of asset objects unloaded after import = 1

========================================================================
Received Import Request.
  Time since last request: 0.000023 seconds.
  path: Assets/Samples/XR Hands/1.7.2/HandVisualizer/Materials/Blue.mat
  artifactKey: Guid(7b26add94f09dc44fb811013f007a3aa) Importer(2089858483,192608db42251d675da83286b1cce702)
Start importing Assets/Samples/XR Hands/1.7.2/HandVisualizer/Materials/Blue.mat using Guid(7b26add94f09dc44fb811013f007a3aa) Importer(2089858483,192608db42251d675da83286b1cce702) (ScriptedImporter) -> (artifact id: '8c62158c2133e7c5616a00a042a4c75a') in 0.0194916 seconds
Number of updated asset objects reloaded before import = 0Number of asset objects unloaded after import = 1

========================================================================
Received Import Request.
  Time since last request: 0.000019 seconds.
  path: Assets/Scenes/Main VR Scene.unity
  artifactKey: Guid(99c9720ab356a0642a771bea13969a05) Importer(2089858483,192608db42251d675da83286b1cce702)
Start importing Assets/Scenes/Main VR Scene.unity using Guid(99c9720ab356a0642a771bea13969a05) Importer(2089858483,192608db42251d675da83286b1cce702) (ScriptedImporter) -> (artifact id: 'fde6d6cd5b08a54fcf842adbe921ee63') in 0.0524327 seconds
Number of updated asset objects reloaded before import = 0Number of asset objects unloaded after import = 1

========================================================================
Received Import Request.
  Time since last request: 3.339339 seconds.
  path: Assets/Prefabs/Terrain.physicMaterial
  artifactKey: Guid(e9abdd84368442142bd681f04c33206d) Importer(815301076,1909f56bfc062723c751e8b465ee728b)
Start importing Assets/Prefabs/Terrain.physicMaterial using Guid(e9abdd84368442142bd681f04c33206d) Importer(815301076,1909f56bfc062723c751e8b465ee728b) (PreviewImporter) -> (artifact id: '2e0fc70fae03f9a4f45bd161224ec4dd') in 0.0201466 seconds
Number of updated asset objects reloaded before import = 0Number of asset objects unloaded after import = 1

========================================================================
Received Import Request.
  Time since last request: 0.805380 seconds.
  path: Assets/Prefabs/Terrain.physicMaterial
  artifactKey: Guid(e9abdd84368442142bd681f04c33206d) Importer(2089858483,192608db42251d675da83286b1cce702)
Start importing Assets/Prefabs/Terrain.physicMaterial using Guid(e9abdd84368442142bd681f04c33206d) Importer(2089858483,192608db42251d675da83286b1cce702) (ScriptedImporter) -> (artifact id: '165939eafc45da3f7fcf70c43bd51810') in 0.0244302 seconds
Number of updated asset objects reloaded before import = 0Number of asset objects unloaded after import = 1

========================================================================
Received Import Request.
  Time since last request: 14.060369 seconds.
  path: Assets/Prefabs/Terrain.physicMaterial
  artifactKey: Guid(e9abdd84368442142bd681f04c33206d) Importer(815301076,1909f56bfc062723c751e8b465ee728b)
Start importing Assets/Prefabs/Terrain.physicMaterial using Guid(e9abdd84368442142bd681f04c33206d) Importer(815301076,1909f56bfc062723c751e8b465ee728b) (PreviewImporter) -> (artifact id: '1ff4af4b290c3ab2548137801ec08d48') in 0.0016942 seconds
Number of updated asset objects reloaded before import = 0Number of asset objects unloaded after import = 1

========================================================================
Received Prepare
Begin MonoManager ReloadAssembly
- Loaded All Assemblies, in  1.396 seconds
Refreshing native plugins compatible for Editor in 25.06 ms, found 14 plugins.
Native extension for Android target not found
Native extension for WindowsStandalone target not found
[Package Manager] Failed to launch server process. Reason: Unity was launched with the -noUpm command-line argument
[Package Manager] Unable to send message (not connected to server process).
[Package Manager] Cannot connect to Unity Package Manager local server
[Package Manager] Failed to launch server process. Reason: Unity was launched with the -noUpm command-line argument
[Package Manager] Unable to send message (not connected to server process).
[Package Manager] Cannot connect to Unity Package Manager local server
System.Reflection.TargetInvocationException: Exception has been thrown by the target of an invocation. ---> System.NullReferenceException: Object reference not set to an instance of an object
  at Unity.XR.Oculus.OculusLoader.AssetPathToAbsolutePath (System.String assetPath) [0x00041] in .\Library\PackageCache\com.unity.xr.oculus@44578ba4bd45\Runtime\OculusLoader.cs:312 
  at Unity.XR.Oculus.OculusLoader.EditorLoadOVRPlugin () [0x000dd] in .\Library\PackageCache\com.unity.xr.oculus@44578ba4bd45\Runtime\OculusLoader.cs:297 
  at (wrapper managed-to-native) System.Reflection.RuntimeMethodInfo.InternalInvoke(System.Reflection.RuntimeMethodInfo,object,object[],System.Exception&)
  at System.Reflection.RuntimeMethodInfo.Invoke (System.Object obj, System.Reflection.BindingFlags invokeAttr, System.Reflection.Binder binder, System.Object[] parameters, System.Globalization.CultureInfo culture) [0x0006a] in <715c8f689fc74561a4fef078d73c94aa>:0 
   --- End of inner exception stack trace ---
  at System.Reflection.RuntimeMethodInfo.Invoke (System.Object obj, System.Reflection.BindingFlags invokeAttr, System.Reflection.Binder binder, System.Object[] parameters, System.Globalization.CultureInfo culture) [0x00083] in <715c8f689fc74561a4fef078d73c94aa>:0 
  at System.Reflection.MethodBase.Invoke (System.Object obj, System.Object[] parameters) [0x00000] in <715c8f689fc74561a4fef078d73c94aa>:0 
  at UnityEditor.EditorAssemblies.ProcessInitializeOnLoadMethodAttributes () [0x00087] in <f255d7ad41bf4adf8576cc6ca3827ea0>:0 
UnityEngine.Debug:ExtractStackTraceNoAlloc (byte*,int,string)
UnityEngine.StackTraceUtility:ExtractStackTrace ()
UnityEngine.DebugLogHandler:Internal_Log (UnityEngine.LogType,UnityEngine.LogOption,string,UnityEngine.Object)
UnityEngine.DebugLogHandler:LogFormat (UnityEngine.LogType,UnityEngine.Object,string,object[])
UnityEngine.Logger:Log (UnityEngine.LogType,object)
UnityEngine.Debug:LogError (object)
UnityEditor.EditorAssemblies:ProcessInitializeOnLoadMethodAttributes ()

Mono: successfully reloaded assembly
[Package Manager] Failed to launch server process. Reason: Unity was launched with the -noUpm command-line argument
[Package Manager] Unable to send message (not connected to server process).
[Package Manager] Cannot connect to Unity Package Manager local server
- Finished resetting the current domain, in  1.484 seconds
Domain Reload Profiling: 2862ms
	BeginReloadAssembly (362ms)
		ExecutionOrderSort (0ms)
		DisableScriptedObjects (8ms)
		BackupInstance (0ms)
		ReleaseScriptingObjects (0ms)
		CreateAndSetChildDomain (90ms)
	RebuildCommonClasses (46ms)
	RebuildNativeTypeToScriptingClass (15ms)
	initialDomainReloadingComplete (51ms)
	LoadAllAssembliesAndSetupDomain (904ms)
		LoadAssemblies (754ms)
		RebuildTransferFunctionScriptingTraits (0ms)
		AnalyzeDomain (306ms)
			TypeCache.Refresh (12ms)
				TypeCache.ScanAssembly (0ms)
			BuildScriptInfoCaches (271ms)
			ResolveRequiredComponents (18ms)
	FinalizeReload (1484ms)
		ReleaseScriptCaches (0ms)
		RebuildScriptCaches (0ms)
		SetupLoadedEditorAssemblies (1210ms)
			LogAssemblyErrors (0ms)
			InitializePlatformSupportModulesInManaged (13ms)
			SetLoadedEditorAssemblies (6ms)
			BeforeProcessingInitializeOnLoad (376ms)
			ProcessInitializeOnLoadAttributes (614ms)
			ProcessInitializeOnLoadMethodAttributes (178ms)
			AfterProcessingInitializeOnLoad (22ms)
			EditorAssembliesLoaded (1ms)
		ExecutionOrderSort2 (0ms)
		AwakeInstancesAfterBackupRestoration (28ms)
WARNING: Shader Unsupported: 'Hidden/Simulation/URP/Synthetic' - All subshaders removed
WARNING: Shader Did you use #pragma only_renderers and omit this platform?
WARNING: Shader If subshaders removal was intentional, you may have forgotten turning Fallback off?
WARNING: Shader Unsupported: 'Hidden/Simulation/URP/Synthetic' - All subshaders removed
WARNING: Shader Did you use #pragma only_renderers and omit this platform?
WARNING: Shader If subshaders removal was intentional, you may have forgotten turning Fallback off?
WARNING: Shader Unsupported: 'Hidden/Simulation/Synthetic Lit' - All subshaders removed
WARNING: Shader Did you use #pragma only_renderers and omit this platform?
WARNING: Shader If subshaders removal was intentional, you may have forgotten turning Fallback off?
WARNING: Shader Unsupported: 'Hidden/Simulation/Synthetic Lit' - All subshaders removed
WARNING: Shader Did you use #pragma only_renderers and omit this platform?
WARNING: Shader If subshaders removal was intentional, you may have forgotten turning Fallback off?
WARNING: Shader Unsupported: 'Simulation/Standard Lit' - All subshaders removed
WARNING: Shader Did you use #pragma only_renderers and omit this platform?
WARNING: Shader If subshaders removal was intentional, you may have forgotten turning Fallback off?
WARNING: Shader Unsupported: 'Simulation/Standard Lit' - All subshaders removed
WARNING: Shader Did you use #pragma only_renderers and omit this platform?
WARNING: Shader If subshaders removal was intentional, you may have forgotten turning Fallback off?
WARNING: Shader Unsupported: 'Simulation/URP/Room X-Ray' - All subshaders removed
WARNING: Shader Did you use #pragma only_renderers and omit this platform?
WARNING: Shader If subshaders removal was intentional, you may have forgotten turning Fallback off?
WARNING: Shader Unsupported: 'Simulation/URP/Room X-Ray' - All subshaders removed
WARNING: Shader Did you use #pragma only_renderers and omit this platform?
WARNING: Shader If subshaders removal was intentional, you may have forgotten turning Fallback off?
WARNING: Shader Unsupported: 'Simulation/Room X-Ray' - All subshaders removed
WARNING: Shader Did you use #pragma only_renderers and omit this platform?
WARNING: Shader If subshaders removal was intentional, you may have forgotten turning Fallback off?
WARNING: Shader Unsupported: 'Simulation/Room X-Ray' - All subshaders removed
WARNING: Shader Did you use #pragma only_renderers and omit this platform?
WARNING: Shader If subshaders removal was intentional, you may have forgotten turning Fallback off?
WARNING: Shader Unsupported: 'Simulation/URP/Lit' - All subshaders removed
WARNING: Shader Did you use #pragma only_renderers and omit this platform?
WARNING: Shader If subshaders removal was intentional, you may have forgotten turning Fallback off?
WARNING: Shader Unsupported: 'Simulation/URP/Lit' - All subshaders removed
WARNING: Shader Did you use #pragma only_renderers and omit this platform?
WARNING: Shader If subshaders removal was intentional, you may have forgotten turning Fallback off?
Refreshing native plugins compatible for Editor in 25.83 ms, found 14 plugins.
Preloading 1 native plugins for Editor in 0.18 ms.
Unloading 20 Unused Serialized files (Serialized files now loaded: 0)
Unloading 7914 unused Assets / (9.6 MB). Loaded Objects now: 8661.
Memory consumption went from 199.4 MB to 189.9 MB.
Total: 16.354200 ms (FindLiveObjects: 1.125000 ms CreateObjectMapping: 1.721700 ms MarkObjects: 5.981300 ms  DeleteObjects: 7.525100 ms)

Prepare: number of updated asset objects reloaded= 0
========================================================================
Received Prepare
WARNING: Shader Unsupported: 'Hidden/Simulation/URP/Synthetic' - All subshaders removed
WARNING: Shader Did you use #pragma only_renderers and omit this platform?
WARNING: Shader If subshaders removal was intentional, you may have forgotten turning Fallback off?
WARNING: Shader Unsupported: 'Hidden/Simulation/URP/Synthetic' - All subshaders removed
WARNING: Shader Did you use #pragma only_renderers and omit this platform?
WARNING: Shader If subshaders removal was intentional, you may have forgotten turning Fallback off?
WARNING: Shader Unsupported: 'Hidden/Simulation/Synthetic Lit' - All subshaders removed
WARNING: Shader Did you use #pragma only_renderers and omit this platform?
WARNING: Shader If subshaders removal was intentional, you may have forgotten turning Fallback off?
WARNING: Shader Unsupported: 'Hidden/Simulation/Synthetic Lit' - All subshaders removed
WARNING: Shader Did you use #pragma only_renderers and omit this platform?
WARNING: Shader If subshaders removal was intentional, you may have forgotten turning Fallback off?
WARNING: Shader Unsupported: 'Simulation/Standard Lit' - All subshaders removed
WARNING: Shader Did you use #pragma only_renderers and omit this platform?
WARNING: Shader If subshaders removal was intentional, you may have forgotten turning Fallback off?
WARNING: Shader Unsupported: 'Simulation/Standard Lit' - All subshaders removed
WARNING: Shader Did you use #pragma only_renderers and omit this platform?
WARNING: Shader If subshaders removal was intentional, you may have forgotten turning Fallback off?
WARNING: Shader Unsupported: 'Simulation/URP/Room X-Ray' - All subshaders removed
WARNING: Shader Did you use #pragma only_renderers and omit this platform?
WARNING: Shader If subshaders removal was intentional, you may have forgotten turning Fallback off?
WARNING: Shader Unsupported: 'Simulation/URP/Room X-Ray' - All subshaders removed
WARNING: Shader Did you use #pragma only_renderers and omit this platform?
WARNING: Shader If subshaders removal was intentional, you may have forgotten turning Fallback off?
WARNING: Shader Unsupported: 'Simulation/Room X-Ray' - All subshaders removed
WARNING: Shader Did you use #pragma only_renderers and omit this platform?
WARNING: Shader If subshaders removal was intentional, you may have forgotten turning Fallback off?
WARNING: Shader Unsupported: 'Simulation/Room X-Ray' - All subshaders removed
WARNING: Shader Did you use #pragma only_renderers and omit this platform?
WARNING: Shader If subshaders removal was intentional, you may have forgotten turning Fallback off?
WARNING: Shader Unsupported: 'Simulation/URP/Lit' - All subshaders removed
WARNING: Shader Did you use #pragma only_renderers and omit this platform?
WARNING: Shader If subshaders removal was intentional, you may have forgotten turning Fallback off?
WARNING: Shader Unsupported: 'Simulation/URP/Lit' - All subshaders removed
WARNING: Shader Did you use #pragma only_renderers and omit this platform?
WARNING: Shader If subshaders removal was intentional, you may have forgotten turning Fallback off?
Refreshing native plugins compatible for Editor in 23.89 ms, found 14 plugins.
Preloading 1 native plugins for Editor in 0.14 ms.
Unloading 20 Unused Serialized files (Serialized files now loaded: 0)
Unloading 20 unused Assets / (3.8 MB). Loaded Objects now: 8661.
Memory consumption went from 165.0 MB to 161.2 MB.
Total: 8.999200 ms (FindLiveObjects: 0.604000 ms CreateObjectMapping: 0.631500 ms MarkObjects: 5.489500 ms  DeleteObjects: 2.273500 ms)

Prepare: number of updated asset objects reloaded= 0
Editor requested this worker to shutdown with reason: Scaling down because of idle timeout
AssetImportWorker is now disconnected from the server
Process exiting
Exiting without the bug reporter. Application will terminate with return code 0